name,year,quarter,prs_count,issues_count
Ruby,2011,3,632,965.0
PHP,2011,3,484,560.0
Python,2011,3,423,619.0
JavaScript,2011,3,367,694.0
Java,2011,3,216,420.0
C++,2011,3,181,339.0
Ruby,2011,4,3047,4361.0
PHP,2011,4,2261,2841.0
Python,2011,4,2120,3145.0
JavaScript,2011,4,1817,4003.0
Java,2011,4,984,1808.0
C++,2011,4,831,1941.0
C,2011,4,623,1113.0
Shell,2011,4,406,306.0
C#,2011,4,291,729.0
Objective-C,2011,4,236,496.0
Scala,2011,4,200,305.0
Erlang,2011,4,149,111.0
HTML,2011,4,149,255.0
Haskell,2011,4,111,169.0
Ruby,2012,1,37951,7317.0
PHP,2012,1,17274,4858.0
Python,2012,1,15692,6774.0
JavaScript,2012,1,13388,8910.0
Java,2012,1,7817,4429.0
C++,2012,1,4942,3421.0
C,2012,1,2617,1544.0
Groovy,2012,1,1748,
Shell,2012,1,1685,349.0
C#,2012,1,1551,1305.0
Scala,2012,1,1243,446.0
Objective-C,2012,1,955,1111.0
TypeScript,2012,1,653,138.0
Erlang,2012,1,429,199.0
Haskell,2012,1,379,310.0
CoffeeScript,2012,1,368,483.0
HTML,2012,1,343,370.0
Go,2012,1,298,111.0
Lua,2012,1,294,
Perl,2012,1,271,
ColdFusion,2012,1,211,
Emacs Lisp,2012,1,207,170.0
CSS,2012,1,197,265.0
Clojure,2012,1,188,142.0
Objective-J,2012,1,184,
Elixir,2012,1,113,
Web Ontology Language,2012,1,103,
Ruby,2012,2,16616,18591.0
JavaScript,2012,2,15668,26724.0
Python,2012,2,14656,19908.0
PHP,2012,2,14324,12853.0
Java,2012,2,7183,13462.0
C++,2012,2,4423,9933.0
C,2012,2,2977,4163.0
Scala,2012,2,1896,1463.0
C#,2012,2,1833,3095.0
Objective-C,2012,2,1529,3181.0
Shell,2012,2,1327,1430.0
HTML,2012,2,1097,1288.0
Erlang,2012,2,656,586.0
CoffeeScript,2012,2,638,874.0
Perl,2012,2,631,504.0
Haskell,2012,2,555,802.0
CSS,2012,2,531,1011.0
Emacs Lisp,2012,2,526,474.0
Clojure,2012,2,361,404.0
Lua,2012,2,339,290.0
Go,2012,2,313,426.0
Groovy,2012,2,230,362.0
TypeScript,2012,2,191,248.0
Puppet,2012,2,180,
XSLT,2012,2,173,277.0
Objective-J,2012,2,128,202.0
Elixir,2012,2,125,211.0
ColdFusion,2012,2,125,303.0
Vim script,2012,2,112,163.0
nesC,2012,2,109,
JavaScript,2012,3,19104,31557.0
Ruby,2012,3,17444,18847.0
Python,2012,3,17288,21936.0
PHP,2012,3,17240,16507.0
Java,2012,3,8285,14231.0
C++,2012,3,4894,10033.0
C,2012,3,4133,4556.0
Scala,2012,3,2505,1204.0
Shell,2012,3,2062,2176.0
C#,2012,3,1887,3685.0
Objective-C,2012,3,1835,3897.0
HTML,2012,3,1402,2406.0
CoffeeScript,2012,3,945,1582.0
Perl,2012,3,740,414.0
CSS,2012,3,698,1287.0
Erlang,2012,3,644,530.0
Haskell,2012,3,583,888.0
Emacs Lisp,2012,3,556,657.0
Go,2012,3,543,1177.0
Clojure,2012,3,523,585.0
Lua,2012,3,436,497.0
Groovy,2012,3,388,404.0
nesC,2012,3,236,
TypeScript,2012,3,209,265.0
Nix,2012,3,171,
Objective-J,2012,3,143,268.0
Vim script,2012,3,134,173.0
Puppet,2012,3,121,
XSLT,2012,3,120,191.0
VimL,2012,3,118,107.0
Elixir,2012,3,109,155.0
ColdFusion,2012,3,106,188.0
Ruby,2012,4,22135,20850.0
Python,2012,4,21675,29765.0
JavaScript,2012,4,21190,35627.0
PHP,2012,4,17308,19848.0
Java,2012,4,10964,17209.0
C++,2012,4,5861,12373.0
C,2012,4,4833,6160.0
C#,2012,4,2379,4572.0
Objective-C,2012,4,2163,4644.0
Scala,2012,4,2072,1972.0
Shell,2012,4,1922,1968.0
HTML,2012,4,1790,2289.0
Perl,2012,4,1072,535.0
CoffeeScript,2012,4,993,2068.0
CSS,2012,4,904,1887.0
Go,2012,4,858,1384.0
Erlang,2012,4,799,610.0
Haskell,2012,4,704,1559.0
Clojure,2012,4,602,481.0
Lua,2012,4,574,1366.0
Emacs Lisp,2012,4,542,844.0
TypeScript,2012,4,490,411.0
Groovy,2012,4,394,313.0
nesC,2012,4,314,
Puppet,2012,4,222,
Elixir,2012,4,215,319.0
Nix,2012,4,176,
Vim script,2012,4,169,265.0
VimL,2012,4,148,153.0
ColdFusion,2012,4,138,250.0
Delphi,2012,4,127,
Scheme,2012,4,121,
Jupyter Notebook,2012,4,119,
TSQL,2012,4,119,
Common Lisp,2012,4,103,214.0
JavaScript,2013,1,32666,53707.0
Ruby,2013,1,30052,29090.0
Python,2013,1,29487,34261.0
PHP,2013,1,23628,28011.0
Java,2013,1,16919,37298.0
C++,2013,1,7240,17814.0
C,2013,1,6405,11148.0
C#,2013,1,3665,6936.0
Objective-C,2013,1,3572,6455.0
Shell,2013,1,2833,3209.0
HTML,2013,1,2819,4219.0
Scala,2013,1,2804,3664.0
CSS,2013,1,1865,3293.0
CoffeeScript,2013,1,1582,2668.0
Go,2013,1,1341,2056.0
Perl,2013,1,1252,921.0
Erlang,2013,1,961,589.0
Emacs Lisp,2013,1,950,1160.0
TypeScript,2013,1,949,1382.0
nesC,2013,1,828,
Haskell,2013,1,811,1294.0
Clojure,2013,1,643,609.0
Groovy,2013,1,503,731.0
Lua,2013,1,408,1335.0
Nix,2013,1,292,
Puppet,2013,1,288,
Objective-J,2013,1,251,752.0
Vim script,2013,1,222,512.0
Pascal,2013,1,177,100.0
SQF,2013,1,172,284.0
DM,2013,1,168,100.0
Kotlin,2013,1,156,220.0
OCaml,2013,1,139,152.0
VimL,2013,1,138,165.0
Julia,2013,1,136,281.0
XSLT,2013,1,129,452.0
Jupyter Notebook,2013,1,125,430.0
TSQL,2013,1,121,
Smalltalk,2013,1,110,
PowerShell,2013,1,107,123.0
ColdFusion,2013,1,105,289.0
ActionScript,2013,1,103,522.0
Python,2013,2,38044,43459.0
JavaScript,2013,2,37471,62554.0
Ruby,2013,2,33502,31140.0
PHP,2013,2,25522,31912.0
Java,2013,2,17650,32265.0
C++,2013,2,9943,16214.0
C,2013,2,6657,10058.0
C#,2013,2,4497,8437.0
Objective-C,2013,2,4175,6368.0
HTML,2013,2,3897,4047.0
Shell,2013,2,2776,2879.0
Scala,2013,2,2757,2852.0
Perl,2013,2,2434,1209.0
Go,2013,2,2318,3131.0
CSS,2013,2,2289,4465.0
TypeScript,2013,2,1752,1148.0
CoffeeScript,2013,2,1635,2826.0
Erlang,2013,2,1090,663.0
Emacs Lisp,2013,2,995,1205.0
nesC,2013,2,863,
DM,2013,2,844,569.0
Lua,2013,2,800,1634.0
Haskell,2013,2,765,1209.0
Clojure,2013,2,640,567.0
Groovy,2013,2,538,573.0
Nix,2013,2,497,
Elixir,2013,2,467,522.0
Puppet,2013,2,433,353.0
OCaml,2013,2,340,257.0
Common Lisp,2013,2,332,256.0
Vim script,2013,2,300,612.0
Kotlin,2013,2,202,361.0
Dart,2013,2,185,272.0
TSQL,2013,2,175,
Smalltalk,2013,2,174,
Jupyter Notebook,2013,2,167,266.0
XSLT,2013,2,151,330.0
VimL,2013,2,150,201.0
Julia,2013,2,140,302.0
Vala,2013,2,139,335.0
Scheme,2013,2,129,
Haxe,2013,2,123,335.0
PowerShell,2013,2,120,116.0
Swift,2013,2,118,197.0
ColdFusion,2013,2,117,189.0
Raku,2013,2,113,
Rust,2013,2,112,
Pascal,2013,2,106,
Objective-J,2013,2,105,223.0
JavaScript,2013,3,46079,79518.0
Python,2013,3,44783,45367.0
Ruby,2013,3,37050,33098.0
PHP,2013,3,28573,32796.0
Java,2013,3,22139,35624.0
C++,2013,3,11878,16577.0
C,2013,3,8062,11127.0
C#,2013,3,5074,9499.0
Objective-C,2013,3,5025,8331.0
HTML,2013,3,4455,5838.0
CSS,2013,3,4448,6582.0
Scala,2013,3,3902,3785.0
Shell,2013,3,3769,3540.0
Go,2013,3,3584,4089.0
TypeScript,2013,3,2179,2013.0
CoffeeScript,2013,3,2004,3412.0
Perl,2013,3,1969,1422.0
Emacs Lisp,2013,3,1425,1444.0
Erlang,2013,3,1117,706.0
Lua,2013,3,1004,2041.0
DM,2013,3,922,447.0
Puppet,2013,3,916,589.0
Haskell,2013,3,882,1500.0
Groovy,2013,3,815,859.0
Clojure,2013,3,720,665.0
Nix,2013,3,600,
Elixir,2013,3,540,586.0
OCaml,2013,3,447,313.0
VimL,2013,3,414,647.0
Kotlin,2013,3,393,573.0
Jupyter Notebook,2013,3,375,267.0
Makefile,2013,3,353,
Vim script,2013,3,326,650.0
XSLT,2013,3,268,643.0
TeX,2013,3,249,358.0
Dart,2013,3,240,241.0
nesC,2013,3,230,
Julia,2013,3,225,479.0
Smalltalk,2013,3,188,130.0
Rust,2013,3,177,208.0
TSQL,2013,3,175,
R,2013,3,159,190.0
Assembly,2013,3,159,162.0
ColdFusion,2013,3,159,186.0
Scheme,2013,3,155,113.0
PowerShell,2013,3,144,213.0
Common Lisp,2013,3,139,228.0
Mako,2013,3,134,
D,2013,3,122,243.0
Fortran,2013,3,122,
Haxe,2013,3,106,361.0
Vala,2013,3,102,288.0
JavaScript,2013,4,58732,92210.0
Python,2013,4,54051,53499.0
Ruby,2013,4,42989,35217.0
PHP,2013,4,35335,38105.0
Java,2013,4,29410,41646.0
C++,2013,4,15174,26309.0
C,2013,4,10537,12138.0
C#,2013,4,7461,12978.0
HTML,2013,4,7378,9827.0
CSS,2013,4,6774,8236.0
Shell,2013,4,6515,5221.0
Objective-C,2013,4,6140,10617.0
Go,2013,4,5050,4951.0
Scala,2013,4,4550,4635.0
CoffeeScript,2013,4,3670,4645.0
TypeScript,2013,4,2513,2916.0
Erlang,2013,4,1747,1024.0
Perl,2013,4,1636,2532.0
Puppet,2013,4,1590,600.0
Emacs Lisp,2013,4,1468,1791.0
Groovy,2013,4,1141,1340.0
Lua,2013,4,1075,1597.0
DM,2013,4,1068,404.0
Haskell,2013,4,968,1421.0
Clojure,2013,4,855,914.0
OCaml,2013,4,718,583.0
Nix,2013,4,691,144.0
nesC,2013,4,664,
Swift,2013,4,581,1360.0
TeX,2013,4,531,333.0
Kotlin,2013,4,522,1011.0
Rust,2013,4,510,265.0
R,2013,4,475,245.0
Dart,2013,4,422,264.0
Julia,2013,4,387,608.0
Jupyter Notebook,2013,4,367,371.0
Elixir,2013,4,348,351.0
Scheme,2013,4,288,163.0
PowerShell,2013,4,286,345.0
Makefile,2013,4,283,116.0
ColdFusion,2013,4,262,275.0
F#,2013,4,244,480.0
XSLT,2013,4,242,424.0
VimL,2013,4,225,487.0
Vim script,2013,4,220,610.0
Logos,2013,4,158,
Smalltalk,2013,4,156,
TSQL,2013,4,150,
D,2013,4,136,377.0
ActionScript,2013,4,126,722.0
Haxe,2013,4,104,278.0
JavaScript,2014,1,79285,124212.0
Python,2014,1,65225,70525.0
Ruby,2014,1,53443,39506.0
PHP,2014,1,46231,52890.0
Java,2014,1,35787,59987.0
C++,2014,1,20710,24462.0
C,2014,1,13596,16649.0
HTML,2014,1,9175,11416.0
CSS,2014,1,8651,10483.0
Objective-C,2014,1,8044,11957.0
C#,2014,1,7955,14511.0
Shell,2014,1,6908,6237.0
Go,2014,1,6673,6875.0
Scala,2014,1,6576,5677.0
CoffeeScript,2014,1,4564,7286.0
TypeScript,2014,1,3080,4695.0
Perl,2014,1,2335,1722.0
Lua,2014,1,2048,2166.0
Emacs Lisp,2014,1,1993,2109.0
Erlang,2014,1,1909,1124.0
Clojure,2014,1,1724,2275.0
Groovy,2014,1,1600,1601.0
DM,2014,1,1577,708.0
Puppet,2014,1,1459,673.0
Haskell,2014,1,1390,2072.0
Kotlin,2014,1,1341,1405.0
Nix,2014,1,1126,199.0
Rust,2014,1,846,394.0
Jupyter Notebook,2014,1,777,901.0
nesC,2014,1,708,
OCaml,2014,1,602,592.0
Makefile,2014,1,586,180.0
Swift,2014,1,585,1110.0
Dart,2014,1,569,627.0
Julia,2014,1,557,1043.0
F#,2014,1,550,696.0
Elixir,2014,1,434,508.0
Vim script,2014,1,418,979.0
PowerShell,2014,1,413,493.0
R,2014,1,373,405.0
TeX,2014,1,372,792.0
Scheme,2014,1,364,237.0
XSLT,2014,1,356,590.0
TSQL,2014,1,324,176.0
D,2014,1,313,546.0
VimL,2014,1,270,486.0
PLSQL,2014,1,269,
ActionScript,2014,1,266,428.0
CMake,2014,1,262,117.0
Haxe,2014,1,251,464.0
Apex,2014,1,242,528.0
QML,2014,1,196,236.0
Smalltalk,2014,1,191,
Fortran,2014,1,187,
Assembly,2014,1,161,174.0
Pascal,2014,1,146,
Common Lisp,2014,1,141,252.0
Objective-C++,2014,1,138,
Pan,2014,1,132,
Vala,2014,1,130,545.0
ColdFusion,2014,1,126,267.0
Tcl,2014,1,105,
Mako,2014,1,102,105.0
JavaScript,2014,2,91650,137097.0
Python,2014,2,73924,80000.0
Ruby,2014,2,60784,43668.0
PHP,2014,2,46812,50665.0
Java,2014,2,43988,70886.0
C++,2014,2,24380,31904.0
C,2014,2,14731,18007.0
HTML,2014,2,13161,15754.0
CSS,2014,2,10680,10717.0
C#,2014,2,10549,17304.0
Go,2014,2,10016,10660.0
Scala,2014,2,8631,6334.0
Objective-C,2014,2,8399,13531.0
Shell,2014,2,7958,7081.0
CoffeeScript,2014,2,5792,8330.0
TypeScript,2014,2,4635,6041.0
Perl,2014,2,2567,1690.0
Rust,2014,2,2286,1697.0
Lua,2014,2,2126,2456.0
Erlang,2014,2,1961,1414.0
Haskell,2014,2,1740,10940.0
Clojure,2014,2,1698,1931.0
Nix,2014,2,1619,448.0
Groovy,2014,2,1583,1558.0
Emacs Lisp,2014,2,1579,1950.0
Puppet,2014,2,1444,491.0
DM,2014,2,1244,651.0
Kotlin,2014,2,1176,1317.0
Jupyter Notebook,2014,2,914,1002.0
OCaml,2014,2,867,398.0
Swift,2014,2,840,1531.0
Elixir,2014,2,736,599.0
R,2014,2,706,702.0
Makefile,2014,2,628,340.0
F#,2014,2,614,791.0
Dart,2014,2,588,711.0
TSQL,2014,2,572,178.0
PLSQL,2014,2,571,
Julia,2014,2,553,1129.0
Fortran,2014,2,533,225.0
nesC,2014,2,507,
Vim script,2014,2,457,799.0
PowerShell,2014,2,427,475.0
Scheme,2014,2,420,177.0
ActionScript,2014,2,393,597.0
Haxe,2014,2,383,381.0
TeX,2014,2,375,906.0
XSLT,2014,2,323,317.0
VimL,2014,2,279,550.0
Smalltalk,2014,2,277,147.0
D,2014,2,260,536.0
Assembly,2014,2,258,275.0
Apex,2014,2,216,405.0
ColdFusion,2014,2,198,183.0
Liquid,2014,2,171,
Pascal,2014,2,149,
SQLPL,2014,2,138,
Objective-C++,2014,2,132,
Racket,2014,2,129,108.0
SQL,2014,2,123,100.0
Objective-J,2014,2,115,377.0
Common Lisp,2014,2,113,293.0
Vim Snippet,2014,2,110,
CMake,2014,2,109,117.0
Common Workflow Language,2014,2,107,
Eagle,2014,2,106,167.0
Vala,2014,2,105,382.0
Protocol Buffer,2014,2,104,
QML,2014,2,103,263.0
Standard ML,2014,2,102,309.0
JavaScript,2014,3,109364,155730.0
Python,2014,3,82053,80733.0
Ruby,2014,3,67387,43085.0
PHP,2014,3,53112,58587.0
Java,2014,3,49765,65404.0
C++,2014,3,29235,32832.0
Go,2014,3,16910,13886.0
HTML,2014,3,16756,18089.0
C,2014,3,16625,18428.0
C#,2014,3,11871,23982.0
CSS,2014,3,11732,12032.0
Scala,2014,3,10910,8100.0
Shell,2014,3,10511,8707.0
Objective-C,2014,3,8385,14475.0
CoffeeScript,2014,3,6112,9754.0
TypeScript,2014,3,5370,8480.0
Rust,2014,3,3500,2241.0
Perl,2014,3,2991,1731.0
Lua,2014,3,2622,2869.0
Swift,2014,3,2613,2896.0
Haskell,2014,3,2523,4152.0
Clojure,2014,3,2482,2344.0
Nix,2014,3,2066,375.0
Groovy,2014,3,1814,1925.0
Erlang,2014,3,1804,1375.0
Puppet,2014,3,1580,448.0
Emacs Lisp,2014,3,1535,2147.0
Makefile,2014,3,1393,706.0
DM,2014,3,1388,739.0
Jupyter Notebook,2014,3,1126,1276.0
Elixir,2014,3,1073,1106.0
Kotlin,2014,3,1056,1529.0
PLSQL,2014,3,1000,
OCaml,2014,3,857,591.0
Julia,2014,3,768,1368.0
F#,2014,3,689,965.0
ActionScript,2014,3,634,719.0
Dart,2014,3,579,765.0
R,2014,3,561,1052.0
PowerShell,2014,3,552,600.0
Fortran,2014,3,511,248.0
D,2014,3,466,588.0
TSQL,2014,3,423,185.0
Scheme,2014,3,372,154.0
TeX,2014,3,347,507.0
Vim script,2014,3,321,724.0
XSLT,2014,3,278,318.0
Smalltalk,2014,3,243,198.0
Common Lisp,2014,3,240,330.0
Apex,2014,3,238,584.0
VimL,2014,3,234,452.0
Haxe,2014,3,232,372.0
ColdFusion,2014,3,219,388.0
Assembly,2014,3,214,442.0
CMake,2014,3,205,125.0
Pascal,2014,3,167,137.0
SCSS,2014,3,154,
Liquid,2014,3,147,
XQuery,2014,3,145,
Objective-J,2014,3,143,455.0
Dockerfile,2014,3,139,114.0
Tcl,2014,3,138,
QML,2014,3,134,151.0
GCC Machine Description,2014,3,131,
PLpgSQL,2014,3,123,140.0
Protocol Buffer,2014,3,118,
Vala,2014,3,116,397.0
Vim Snippet,2014,3,116,
Xtend,2014,3,109,105.0
Matlab,2014,3,105,248.0
ApacheConf,2014,3,103,118.0
Common Workflow Language,2014,3,102,
Arduino,2014,3,102,164.0
JavaScript,2014,4,122908,179390.0
Python,2014,4,92612,81662.0
Ruby,2014,4,74442,47394.0
Java,2014,4,57996,74304.0
PHP,2014,4,56585,64516.0
C++,2014,4,32035,53125.0
Go,2014,4,20395,16332.0
C,2014,4,19354,20525.0
HTML,2014,4,17772,17257.0
C#,2014,4,14199,22183.0
CSS,2014,4,13352,13285.0
Shell,2014,4,11773,9887.0
Scala,2014,4,10851,7946.0
Objective-C,2014,4,8353,14187.0
TypeScript,2014,4,7015,10732.0
CoffeeScript,2014,4,5697,9738.0
Rust,2014,4,5462,3117.0
Swift,2014,4,3406,3917.0
Perl,2014,4,3240,2101.0
Clojure,2014,4,2734,3495.0
Lua,2014,4,2728,4067.0
Haskell,2014,4,2645,3213.0
Kotlin,2014,4,2328,3000.0
DM,2014,4,2144,1390.0
Erlang,2014,4,2084,1575.0
Puppet,2014,4,1949,609.0
Nix,2014,4,1885,585.0
Emacs Lisp,2014,4,1815,2482.0
Groovy,2014,4,1675,2614.0
Makefile,2014,4,1539,1099.0
PLSQL,2014,4,1113,
OCaml,2014,4,968,969.0
F#,2014,4,968,1499.0
Jupyter Notebook,2014,4,865,1042.0
Elixir,2014,4,827,659.0
R,2014,4,813,1144.0
TSQL,2014,4,803,410.0
PowerShell,2014,4,676,655.0
YAML,2014,4,673,
Julia,2014,4,669,1128.0
Vim script,2014,4,576,991.0
Visual Basic,2014,4,548,540.0
TeX,2014,4,547,717.0
Dart,2014,4,539,731.0
XSLT,2014,4,527,565.0
CMake,2014,4,492,157.0
Fortran,2014,4,467,184.0
SCSS,2014,4,447,193.0
Gherkin,2014,4,425,211.0
D,2014,4,354,380.0
JSON,2014,4,312,
Haxe,2014,4,311,787.0
Scheme,2014,4,303,142.0
Smalltalk,2014,4,285,228.0
PureScript,2014,4,256,164.0
Common Lisp,2014,4,252,378.0
VimL,2014,4,230,489.0
ColdFusion,2014,4,227,258.0
ActionScript,2014,4,222,609.0
ApacheConf,2014,4,221,152.0
ooc,2014,4,212,
Dockerfile,2014,4,209,275.0
Apex,2014,4,186,446.0
QML,2014,4,178,383.0
MATLAB,2014,4,168,324.0
Standard ML,2014,4,161,141.0
Pascal,2014,4,139,207.0
XQuery,2014,4,138,
SQLPL,2014,4,133,
Objective-J,2014,4,126,254.0
SQF,2014,4,126,248.0
PostScript,2014,4,125,342.0
Protocol Buffer,2014,4,119,
Matlab,2014,4,117,337.0
Tcl,2014,4,110,114.0
ASP,2014,4,104,
GCC Machine Description,2014,4,103,
Assembly,2014,4,100,176.0
JavaScript,2015,1,159184,222962.0
Python,2015,1,119803,111594.0
Ruby,2015,1,92148,55780.0
Java,2015,1,79605,94969.0
PHP,2015,1,74671,79557.0
C++,2015,1,39024,43846.0
Go,2015,1,30419,23597.0
HTML,2015,1,27733,26450.0
C,2015,1,23609,24850.0
C#,2015,1,22963,32578.0
CSS,2015,1,16878,17468.0
Shell,2015,1,15493,13407.0
Scala,2015,1,13536,9091.0
Objective-C,2015,1,11216,15661.0
TypeScript,2015,1,9668,14234.0
Rust,2015,1,8089,4122.0
CoffeeScript,2015,1,6802,13404.0
Swift,2015,1,4813,5049.0
Perl,2015,1,3933,2826.0
Lua,2015,1,3560,5154.0
Clojure,2015,1,3488,3225.0
Haskell,2015,1,3244,4222.0
Erlang,2015,1,2602,1818.0
DM,2015,1,2596,1676.0
Makefile,2015,1,2485,1321.0
Puppet,2015,1,2480,878.0
Nix,2015,1,2404,790.0
Groovy,2015,1,2364,3214.0
Emacs Lisp,2015,1,2274,2977.0
Kotlin,2015,1,1823,4020.0
R,2015,1,1577,1774.0
Jupyter Notebook,2015,1,1568,1585.0
OCaml,2015,1,1175,1032.0
Dart,2015,1,1147,1658.0
Elixir,2015,1,1068,888.0
TSQL,2015,1,971,473.0
PowerShell,2015,1,962,1112.0
Julia,2015,1,950,1453.0
YAML,2015,1,938,
F#,2015,1,872,1348.0
Visual Basic,2015,1,830,542.0
Vim script,2015,1,637,1001.0
TeX,2015,1,635,1490.0
ApacheConf,2015,1,589,685.0
Fortran,2015,1,575,219.0
Scheme,2015,1,562,248.0
PLSQL,2015,1,477,371.0
Thrift,2015,1,467,
Haxe,2015,1,450,704.0
Dockerfile,2015,1,422,375.0
PureScript,2015,1,411,453.0
XSLT,2015,1,404,523.0
QML,2015,1,399,662.0
SCSS,2015,1,360,258.0
VimL,2015,1,357,547.0
D,2015,1,342,700.0
Common Lisp,2015,1,337,393.0
SQF,2015,1,326,334.0
Assembly,2015,1,324,400.0
CMake,2015,1,315,366.0
ColdFusion,2015,1,310,490.0
PLpgSQL,2015,1,272,483.0
Vala,2015,1,267,658.0
Apex,2015,1,251,492.0
MATLAB,2015,1,237,523.0
Smalltalk,2015,1,231,380.0
Gherkin,2015,1,229,176.0
Tcl,2015,1,218,
ActionScript,2015,1,212,555.0
Eagle,2015,1,207,267.0
Standard ML,2015,1,204,152.0
Objective-C++,2015,1,199,
JSON,2015,1,188,
HCL,2015,1,186,
PostScript,2015,1,179,271.0
ooc,2015,1,177,
ASP,2015,1,174,
Matlab,2015,1,165,458.0
SourcePawn,2015,1,159,266.0
Rich Text Format,2015,1,157,127.0
XQuery,2015,1,149,
Racket,2015,1,149,177.0
Pascal,2015,1,147,334.0
Processing,2015,1,145,100.0
Arduino,2015,1,143,170.0
SaltStack,2015,1,142,
Elm,2015,1,140,161.0
Batchfile,2015,1,137,
Raku,2015,1,137,
Perl 6,2015,1,134,106.0
Smarty,2015,1,134,107.0
Liquid,2015,1,127,
Groff,2015,1,126,
Hack,2015,1,113,178.0
CWeb,2015,1,107,
Objective-J,2015,1,106,205.0
JavaScript,2015,2,187618,252257.0
Python,2015,2,138537,124291.0
Java,2015,2,99768,107854.0
Ruby,2015,2,96362,53894.0
PHP,2015,2,79571,82429.0
C++,2015,2,44827,48149.0
Go,2015,2,41655,32800.0
HTML,2015,2,33482,29012.0
C#,2015,2,28183,37234.0
C,2015,2,26825,27949.0
Shell,2015,2,18703,16022.0
CSS,2015,2,18224,19800.0
Scala,2015,2,15854,11014.0
TypeScript,2015,2,14616,19885.0
Objective-C,2015,2,12864,17164.0
Rust,2015,2,8456,4919.0
CoffeeScript,2015,2,8071,16133.0
Swift,2015,2,7354,8403.0
Lua,2015,2,4152,4820.0
Clojure,2015,2,3800,3168.0
Perl,2015,2,3783,4061.0
Haskell,2015,2,3647,4316.0
Erlang,2015,2,3246,2358.0
DM,2015,2,3008,1886.0
Groovy,2015,2,2826,3500.0
Kotlin,2015,2,2540,4718.0
Nix,2015,2,2331,722.0
PowerShell,2015,2,2110,1429.0
Emacs Lisp,2015,2,2039,2853.0
Puppet,2015,2,1938,730.0
Dart,2015,2,1802,6293.0
Makefile,2015,2,1757,1267.0
Elixir,2015,2,1725,1260.0
YAML,2015,2,1710,
Jupyter Notebook,2015,2,1668,1358.0
R,2015,2,1600,2464.0
OCaml,2015,2,1497,1836.0
Julia,2015,2,1296,1342.0
Visual Basic,2015,2,975,604.0
F#,2015,2,965,1401.0
Thrift,2015,2,943,163.0
TeX,2015,2,926,1170.0
TSQL,2015,2,836,777.0
Dockerfile,2015,2,683,456.0
Fortran,2015,2,664,290.0
Vim script,2015,2,651,1202.0
Haxe,2015,2,587,758.0
PureScript,2015,2,584,479.0
Processing,2015,2,532,
JSON,2015,2,532,
XSLT,2015,2,500,588.0
CMake,2015,2,488,505.0
SCSS,2015,2,478,163.0
Scheme,2015,2,474,215.0
VimL,2015,2,442,582.0
MATLAB,2015,2,405,705.0
ApacheConf,2015,2,390,258.0
D,2015,2,380,709.0
Vala,2015,2,380,655.0
AutoIt,2015,2,355,120.0
QML,2015,2,353,747.0
Smalltalk,2015,2,332,897.0
PLpgSQL,2015,2,329,904.0
ActionScript,2015,2,302,609.0
PLSQL,2015,2,283,346.0
Common Lisp,2015,2,277,505.0
ooc,2015,2,273,
Matlab,2015,2,271,596.0
Apex,2015,2,269,448.0
Perl 6,2015,2,265,
SQF,2015,2,265,519.0
Assembly,2015,2,254,351.0
Objective-C++,2015,2,250,
HCL,2015,2,247,
Mustache,2015,2,247,
Perl6,2015,2,215,
Racket,2015,2,205,159.0
Gherkin,2015,2,205,103.0
Standard ML,2015,2,196,203.0
Elm,2015,2,183,249.0
Pascal,2015,2,172,619.0
Groff,2015,2,165,
PostScript,2015,2,163,127.0
Raku,2015,2,157,
Cuda,2015,2,151,138.0
GDScript,2015,2,143,147.0
Protocol Buffer,2015,2,136,105.0
ColdFusion,2015,2,129,184.0
Verilog,2015,2,119,
Jsonnet,2015,2,116,
Arduino,2015,2,115,176.0
SQLPL,2015,2,114,
GCC Machine Description,2015,2,113,
JavaScript,2015,3,217971,271532.0
Python,2015,3,158188,129702.0
Java,2015,3,106372,113249.0
Ruby,2015,3,103950,54521.0
PHP,2015,3,86688,88872.0
Go,2015,3,51552,39090.0
C++,2015,3,47984,52891.0
HTML,2015,3,45419,34773.0
C#,2015,3,33214,41701.0
C,2015,3,30865,28871.0
Shell,2015,3,25053,18094.0
CSS,2015,3,24588,19055.0
TypeScript,2015,3,18350,21894.0
Scala,2015,3,16127,11573.0
Objective-C,2015,3,14562,18906.0
Swift,2015,3,10089,10110.0
CoffeeScript,2015,3,8613,13997.0
Rust,2015,3,6808,4298.0
Clojure,2015,3,4907,3872.0
Lua,2015,3,4095,5611.0
Haskell,2015,3,3769,4151.0
Erlang,2015,3,3696,2520.0
Perl,2015,3,3667,3339.0
DM,2015,3,3306,2138.0
Jupyter Notebook,2015,3,3225,2248.0
Groovy,2015,3,2865,3104.0
PowerShell,2015,3,2538,1625.0
Nix,2015,3,2511,726.0
Kotlin,2015,3,2500,4228.0
Elixir,2015,3,2437,2196.0
R,2015,3,2307,3231.0
Julia,2015,3,2239,1926.0
Emacs Lisp,2015,3,2163,3709.0
Puppet,2015,3,1994,654.0
Makefile,2015,3,1925,1578.0
Dart,2015,3,1457,3688.0
ApacheConf,2015,3,1320,444.0
YAML,2015,3,1284,
OCaml,2015,3,1237,1335.0
Visual Basic,2015,3,1232,850.0
TSQL,2015,3,1099,677.0
TeX,2015,3,1064,1591.0
F#,2015,3,1060,1615.0
Thrift,2015,3,1034,111.0
Dockerfile,2015,3,924,700.0
CMake,2015,3,806,627.0
PureScript,2015,3,712,442.0
Vim script,2015,3,680,1200.0
XSLT,2015,3,589,549.0
MATLAB,2015,3,486,536.0
D,2015,3,470,669.0
SCSS,2015,3,458,119.0
ooc,2015,3,446,145.0
Haxe,2015,3,428,801.0
Fortran,2015,3,421,245.0
Gherkin,2015,3,415,196.0
QML,2015,3,398,944.0
PLpgSQL,2015,3,394,775.0
VimL,2015,3,388,422.0
Elm,2015,3,364,429.0
Standard ML,2015,3,350,270.0
ActionScript,2015,3,338,602.0
Objective-C++,2015,3,333,278.0
Smalltalk,2015,3,324,733.0
Racket,2015,3,312,292.0
Pascal,2015,3,300,458.0
Vala,2015,3,299,593.0
Matlab,2015,3,295,512.0
Scheme,2015,3,294,143.0
SQF,2015,3,294,424.0
Common Lisp,2015,3,265,305.0
HCL,2015,3,258,130.0
mIRC Script,2015,3,253,
SaltStack,2015,3,251,
Batchfile,2015,3,248,291.0
ColdFusion,2015,3,236,347.0
JSON,2015,3,232,
GCC Machine Description,2015,3,228,
Raku,2015,3,211,
Assembly,2015,3,209,174.0
Apex,2015,3,198,314.0
Perl 6,2015,3,176,183.0
Crystal,2015,3,170,129.0
Protocol Buffer,2015,3,168,119.0
Arduino,2015,3,166,422.0
Processing,2015,3,165,
BitBake,2015,3,160,
Vue,2015,3,157,182.0
Jinja,2015,3,156,
SourcePawn,2015,3,144,217.0
Groff,2015,3,137,
Roff,2015,3,137,274.0
Mustache,2015,3,129,
Cuda,2015,3,121,148.0
Eagle,2015,3,104,185.0
IDL,2015,3,104,
PLSQL,2015,3,102,163.0
Mathematica,2015,3,101,118.0
JavaScript,2015,4,276229,289862.0
Python,2015,4,168664,137574.0
Ruby,2015,4,124970,54106.0
Java,2015,4,122191,125350.0
PHP,2015,4,99509,89955.0
Go,2015,4,59519,42766.0
C++,2015,4,57276,61457.0
HTML,2015,4,55186,36431.0
C#,2015,4,39029,49762.0
C,2015,4,32850,32525.0
Shell,2015,4,26602,19943.0
CSS,2015,4,26552,19748.0
TypeScript,2015,4,23795,29695.0
Scala,2015,4,16244,10665.0
Objective-C,2015,4,15228,19782.0
Swift,2015,4,13527,13358.0
CoffeeScript,2015,4,8830,12287.0
Rust,2015,4,6159,4754.0
Clojure,2015,4,5971,4960.0
Lua,2015,4,4545,6690.0
DM,2015,4,4401,2319.0
Perl,2015,4,4022,4007.0
Jupyter Notebook,2015,4,3731,2666.0
Haskell,2015,4,3503,4622.0
Kotlin,2015,4,3444,5144.0
Erlang,2015,4,3433,2598.0
Makefile,2015,4,3353,1598.0
Groovy,2015,4,3144,3360.0
Nix,2015,4,2970,1094.0
PowerShell,2015,4,2932,1821.0
Elixir,2015,4,2779,2197.0
Emacs Lisp,2015,4,2605,3395.0
Dart,2015,4,2299,4421.0
R,2015,4,2173,2749.0
Visual Basic,2015,4,2032,711.0
Puppet,2015,4,1976,809.0
F#,2015,4,1854,1702.0
Julia,2015,4,1731,1895.0
TeX,2015,4,1683,2012.0
OCaml,2015,4,1597,1539.0
ApacheConf,2015,4,1550,237.0
ooc,2015,4,1195,389.0
Dockerfile,2015,4,1096,937.0
YAML,2015,4,1056,
Vim script,2015,4,947,1231.0
Assembly,2015,4,857,371.0
TSQL,2015,4,838,519.0
CMake,2015,4,641,550.0
PureScript,2015,4,637,444.0
SCSS,2015,4,602,119.0
Fortran,2015,4,575,417.0
Haxe,2015,4,572,682.0
Common Lisp,2015,4,566,298.0
Perl 6,2015,4,551,525.0
MATLAB,2015,4,490,479.0
XSLT,2015,4,481,389.0
Objective-C++,2015,4,474,208.0
Elm,2015,4,444,546.0
Scheme,2015,4,427,184.0
PLpgSQL,2015,4,402,680.0
VimL,2015,4,399,452.0
Raku,2015,4,398,
QML,2015,4,396,976.0
D,2015,4,376,568.0
ActionScript,2015,4,352,420.0
HCL,2015,4,350,
Matlab,2015,4,341,593.0
Smalltalk,2015,4,336,288.0
Batchfile,2015,4,333,311.0
Apex,2015,4,325,394.0
Pascal,2015,4,300,988.0
Racket,2015,4,297,174.0
Gherkin,2015,4,291,160.0
Standard ML,2015,4,285,165.0
Crystal,2015,4,273,130.0
JSON,2015,4,269,
Perl6,2015,4,261,
ColdFusion,2015,4,252,267.0
Protocol Buffer,2015,4,248,149.0
Arduino,2015,4,247,299.0
SaltStack,2015,4,241,
Vue,2015,4,223,375.0
SQF,2015,4,209,226.0
GCC Machine Description,2015,4,180,
Smarty,2015,4,180,113.0
SourcePawn,2015,4,176,234.0
BitBake,2015,4,172,
Vala,2015,4,168,609.0
Eiffel,2015,4,168,
Tcl,2015,4,166,
Jinja,2015,4,165,
Eagle,2015,4,165,201.0
Jsonnet,2015,4,161,
OpenEdge ABL,2015,4,152,157.0
Roff,2015,4,149,273.0
LLVM,2015,4,148,
GLSL,2015,4,145,
Markdown,2015,4,145,
Processing,2015,4,141,102.0
PostScript,2015,4,139,135.0
Groff,2015,4,138,119.0
Web Ontology Language,2015,4,128,139.0
mIRC Script,2015,4,124,
Slash,2015,4,122,
FORTRAN,2015,4,115,
API Blueprint,2015,4,106,
Common Workflow Language,2015,4,105,
PLSQL,2015,4,105,243.0
IDL,2015,4,105,
JavaScript,2016,1,354843,341480.0
Python,2016,1,191398,156217.0
Java,2016,1,140080,141490.0
Ruby,2016,1,137821,59768.0
PHP,2016,1,109603,102200.0
Go,2016,1,72346,56474.0
C++,2016,1,67634,68959.0
HTML,2016,1,63078,41575.0
C#,2016,1,40577,55768.0
C,2016,1,36877,34996.0
CSS,2016,1,34210,23708.0
TypeScript,2016,1,32257,42218.0
Shell,2016,1,29124,24058.0
Scala,2016,1,20215,12614.0
Objective-C,2016,1,17666,18937.0
Swift,2016,1,17485,16074.0
CoffeeScript,2016,1,9333,11845.0
Rust,2016,1,8683,7529.0
Lua,2016,1,5523,6925.0
Jupyter Notebook,2016,1,5124,4285.0
Clojure,2016,1,5091,4205.0
DM,2016,1,4698,2360.0
Perl,2016,1,4669,4742.0
Kotlin,2016,1,4585,6899.0
Groovy,2016,1,4243,3856.0
Makefile,2016,1,3749,1686.0
Visual Basic,2016,1,3632,1583.0
PowerShell,2016,1,3552,2634.0
Nix,2016,1,3522,1308.0
Elixir,2016,1,3511,2708.0
Erlang,2016,1,3443,2900.0
Haskell,2016,1,3349,4630.0
R,2016,1,3086,3297.0
Puppet,2016,1,2985,742.0
Dart,2016,1,2819,4789.0
Emacs Lisp,2016,1,2533,3403.0
OCaml,2016,1,2190,2087.0
TeX,2016,1,2065,1937.0
F#,2016,1,1638,1397.0
Julia,2016,1,1442,1756.0
Dockerfile,2016,1,1257,1026.0
YAML,2016,1,1256,
Vim script,2016,1,1107,1907.0
ooc,2016,1,881,240.0
Fortran,2016,1,809,455.0
Haxe,2016,1,804,774.0
SCSS,2016,1,726,127.0
PureScript,2016,1,713,422.0
XSLT,2016,1,696,464.0
TSQL,2016,1,685,965.0
MATLAB,2016,1,669,714.0
Smalltalk,2016,1,651,771.0
CMake,2016,1,638,514.0
Common Lisp,2016,1,638,439.0
Elm,2016,1,617,534.0
D,2016,1,601,1135.0
Vue,2016,1,597,546.0
Matlab,2016,1,587,691.0
Objective-C++,2016,1,582,274.0
GLSL,2016,1,472,154.0
Crystal,2016,1,456,299.0
HCL,2016,1,446,168.0
Vala,2016,1,421,952.0
Pascal,2016,1,420,1003.0
Apex,2016,1,399,417.0
Perl 6,2016,1,392,304.0
Assembly,2016,1,392,350.0
ColdFusion,2016,1,391,301.0
QML,2016,1,386,796.0
Scheme,2016,1,377,265.0
RobotFramework,2016,1,373,
Objective-J,2016,1,371,
WebAssembly,2016,1,368,116.0
PLpgSQL,2016,1,353,542.0
Markdown,2016,1,340,
Arduino,2016,1,339,370.0
VimL,2016,1,331,446.0
Batchfile,2016,1,326,365.0
Jsonnet,2016,1,316,
Gherkin,2016,1,314,174.0
SQF,2016,1,307,398.0
BitBake,2016,1,279,151.0
Standard ML,2016,1,278,227.0
API Blueprint,2016,1,277,
SaltStack,2016,1,267,111.0
Nim,2016,1,265,
Cucumber,2016,1,262,
mIRC Script,2016,1,261,
Roff,2016,1,243,240.0
SourcePawn,2016,1,242,340.0
Protocol Buffer,2016,1,224,168.0
ActionScript,2016,1,221,390.0
Tcl,2016,1,211,
ApacheConf,2016,1,206,
JSON,2016,1,201,
Cuda,2016,1,198,278.0
Eagle,2016,1,182,189.0
Raku,2016,1,175,
Racket,2016,1,174,152.0
Jinja,2016,1,169,108.0
SystemVerilog,2016,1,158,
PLSQL,2016,1,157,339.0
Processing,2016,1,149,130.0
Game Maker Language,2016,1,149,
Smarty,2016,1,148,285.0
NSIS,2016,1,144,
SQLPL,2016,1,134,126.0
Xtend,2016,1,131,192.0
Nginx,2016,1,128,267.0
Mathematica,2016,1,128,
Mustache,2016,1,127,
LiveScript,2016,1,126,288.0
Verilog,2016,1,123,116.0
Eiffel,2016,1,120,
Rascal,2016,1,118,269.0
Stylus,2016,1,114,
YARA,2016,1,112,
GCC Machine Description,2016,1,112,
Ceylon,2016,1,111,160.0
PostScript,2016,1,110,132.0
Modelica,2016,1,107,
Perl6,2016,1,105,
MoonScript,2016,1,101,
JavaScript,2016,2,373028,319149.0
Python,2016,2,201763,155586.0
Java,2016,2,145221,144151.0
Ruby,2016,2,108650,58896.0
PHP,2016,2,106539,93859.0
Go,2016,2,74733,58174.0
C++,2016,2,69711,66252.0
HTML,2016,2,61002,37118.0
C#,2016,2,43169,57742.0
TypeScript,2016,2,42717,55301.0
C,2016,2,36068,46635.0
CSS,2016,2,31216,23638.0
Shell,2016,2,30939,23418.0
Scala,2016,2,21732,12367.0
Swift,2016,2,19736,17834.0
Objective-C,2016,2,13456,17917.0
Rust,2016,2,9310,6204.0
CoffeeScript,2016,2,8248,9997.0
Clojure,2016,2,5408,3854.0
Lua,2016,2,5357,7401.0
DM,2016,2,5241,2195.0
Groovy,2016,2,4978,4157.0
Kotlin,2016,2,4883,7336.0
Jupyter Notebook,2016,2,4604,4113.0
Elixir,2016,2,4342,3217.0
Perl,2016,2,4202,4197.0
Haskell,2016,2,3581,5056.0
Makefile,2016,2,3540,1538.0
Erlang,2016,2,3540,2631.0
Nix,2016,2,3451,1180.0
R,2016,2,3171,3438.0
PowerShell,2016,2,3163,2659.0
Dart,2016,2,2630,4077.0
Visual Basic,2016,2,2554,1063.0
OCaml,2016,2,2528,2126.0
TeX,2016,2,2498,2251.0
Puppet,2016,2,2299,562.0
Emacs Lisp,2016,2,2232,2874.0
F#,2016,2,1920,1386.0
Julia,2016,2,1760,2003.0
YAML,2016,2,1545,142.0
Common Lisp,2016,2,1309,673.0
Vim script,2016,2,1255,1491.0
Dockerfile,2016,2,1188,1015.0
TSQL,2016,2,1018,702.0
CMake,2016,2,937,651.0
SCSS,2016,2,873,247.0
Elm,2016,2,714,751.0
Matlab,2016,2,689,850.0
Objective-C++,2016,2,655,421.0
PLpgSQL,2016,2,626,1014.0
Haxe,2016,2,626,960.0
PureScript,2016,2,625,451.0
Fortran,2016,2,611,430.0
HCL,2016,2,594,158.0
XSLT,2016,2,556,403.0
Vue,2016,2,540,969.0
Gherkin,2016,2,539,181.0
MATLAB,2016,2,513,584.0
WebAssembly,2016,2,512,
Smalltalk,2016,2,490,847.0
BitBake,2016,2,467,177.0
D,2016,2,466,830.0
Tcl,2016,2,465,290.0
ooc,2016,2,440,
Scheme,2016,2,419,332.0
QML,2016,2,417,770.0
RobotFramework,2016,2,410,
GLSL,2016,2,401,182.0
Perl 6,2016,2,394,369.0
Arduino,2016,2,393,324.0
SQF,2016,2,391,710.0
Crystal,2016,2,389,308.0
Batchfile,2016,2,381,405.0
SourcePawn,2016,2,356,475.0
Mustache,2016,2,337,
Markdown,2016,2,333,
Roff,2016,2,311,340.0
JSON,2016,2,301,
Pascal,2016,2,301,569.0
PLSQL,2016,2,298,259.0
ColdFusion,2016,2,296,281.0
Vala,2016,2,276,654.0
Apex,2016,2,254,339.0
Prolog,2016,2,252,125.0
PostScript,2016,2,239,159.0
Nim,2016,2,239,
API Blueprint,2016,2,233,
Protocol Buffer,2016,2,232,141.0
SQLPL,2016,2,228,277.0
Rascal,2016,2,222,202.0
Assembly,2016,2,215,266.0
ActionScript,2016,2,207,555.0
ASP,2016,2,206,136.0
Raku,2016,2,206,
Jsonnet,2016,2,206,
Rich Text Format,2016,2,203,158.0
ApacheConf,2016,2,203,150.0
Smarty,2016,2,197,138.0
Starlark,2016,2,196,
Xtend,2016,2,191,209.0
VimL,2016,2,189,292.0
SaltStack,2016,2,189,111.0
Zephir,2016,2,186,
mIRC Script,2016,2,176,
Standard ML,2016,2,168,171.0
SAS,2016,2,157,331.0
Groff,2016,2,147,
Jinja,2016,2,143,
Verilog,2016,2,142,
Racket,2016,2,142,197.0
Eagle,2016,2,132,144.0
Stylus,2016,2,129,
Logos,2016,2,126,
Cuda,2016,2,118,188.0
Nginx,2016,2,117,265.0
GAP,2016,2,114,213.0
Processing,2016,2,111,228.0
JavaScript,2016,3,370929,300925.0
Python,2016,3,199829,158667.0
Java,2016,3,133170,147798.0
Ruby,2016,3,99275,51250.0
PHP,2016,3,96026,90222.0
Go,2016,3,77394,59166.0
C++,2016,3,66654,64794.0
HTML,2016,3,52673,32927.0
TypeScript,2016,3,50335,69819.0
C#,2016,3,43185,69820.0
C,2016,3,34589,34084.0
Shell,2016,3,28659,22577.0
CSS,2016,3,26991,20877.0
Swift,2016,3,22293,20687.0
Scala,2016,3,21146,11051.0
Objective-C,2016,3,12227,18339.0
Rust,2016,3,8355,6482.0
CoffeeScript,2016,3,6562,8932.0
Jupyter Notebook,2016,3,6473,4699.0
Kotlin,2016,3,5743,8399.0
Lua,2016,3,5286,7579.0
Clojure,2016,3,4867,3591.0
Groovy,2016,3,4271,3040.0
Nix,2016,3,4048,1325.0
Elixir,2016,3,3922,3669.0
DM,2016,3,3870,1302.0
Perl,2016,3,3815,3444.0
Haskell,2016,3,3680,4616.0
PowerShell,2016,3,3131,2560.0
Makefile,2016,3,3115,1367.0
Erlang,2016,3,3057,2206.0
R,2016,3,2447,2997.0
OCaml,2016,3,2325,2262.0
Dart,2016,3,2174,3590.0
Puppet,2016,3,2150,548.0
Julia,2016,3,2134,2074.0
Visual Basic,2016,3,2041,930.0
Emacs Lisp,2016,3,2012,2678.0
F#,2016,3,1373,1384.0
Dockerfile,2016,3,1321,1022.0
Vim script,2016,3,1254,1639.0
Vue,2016,3,1175,1628.0
TeX,2016,3,1151,1376.0
SCSS,2016,3,956,266.0
Fortran,2016,3,786,402.0
Objective-C++,2016,3,742,598.0
Haxe,2016,3,735,819.0
TSQL,2016,3,718,453.0
YAML,2016,3,677,
CMake,2016,3,635,429.0
Elm,2016,3,607,651.0
Matlab,2016,3,579,743.0
MATLAB,2016,3,519,686.0
Scheme,2016,3,471,352.0
XSLT,2016,3,469,326.0
PLpgSQL,2016,3,446,619.0
BitBake,2016,3,437,244.0
HCL,2016,3,429,202.0
PureScript,2016,3,428,449.0
Tcl,2016,3,419,175.0
Crystal,2016,3,413,368.0
QML,2016,3,387,790.0
Mustache,2016,3,383,
Common Lisp,2016,3,375,425.0
Gherkin,2016,3,369,299.0
SQF,2016,3,353,491.0
Protocol Buffer,2016,3,333,136.0
D,2016,3,327,659.0
Perl 6,2016,3,307,552.0
Smalltalk,2016,3,306,390.0
Starlark,2016,3,295,
Apex,2016,3,291,420.0
Batchfile,2016,3,291,387.0
GLSL,2016,3,290,164.0
Markdown,2016,3,287,
Roff,2016,3,284,502.0
Arduino,2016,3,268,310.0
RobotFramework,2016,3,268,197.0
Nim,2016,3,263,111.0
SaltStack,2016,3,253,203.0
Vala,2016,3,250,899.0
Visual Basic .NET,2016,3,250,
Pascal,2016,3,249,726.0
mIRC Script,2016,3,243,
Raku,2016,3,235,
Nginx,2016,3,219,326.0
Xtend,2016,3,217,166.0
Stylus,2016,3,216,
SourcePawn,2016,3,215,852.0
ooc,2016,3,211,
Rascal,2016,3,187,197.0
ColdFusion,2016,3,185,545.0
Assembly,2016,3,183,240.0
API Blueprint,2016,3,182,
PLSQL,2016,3,171,307.0
Racket,2016,3,165,246.0
VimL,2016,3,163,176.0
Smarty,2016,3,162,108.0
Rich Text Format,2016,3,152,
WebAssembly,2016,3,151,
Jinja,2016,3,150,185.0
Jsonnet,2016,3,147,
ApacheConf,2016,3,147,
Standard ML,2016,3,134,321.0
DIGITAL Command Language,2016,3,133,
Common Workflow Language,2016,3,130,
Cuda,2016,3,130,246.0
ASP,2016,3,129,110.0
FORTRAN,2016,3,113,
YARA,2016,3,110,
ActionScript,2016,3,108,264.0
XQuery,2016,3,107,
M4,2016,3,105,
Eagle,2016,3,104,162.0
JavaScript,2016,4,381082,294457.0
Python,2016,4,205626,156299.0
Java,2016,4,146732,167850.0
PHP,2016,4,102718,88617.0
Ruby,2016,4,100313,48860.0
Go,2016,4,83963,63683.0
C++,2016,4,70054,66106.0
HTML,2016,4,62026,36111.0
TypeScript,2016,4,60006,76790.0
C#,2016,4,45681,59464.0
C,2016,4,38772,35647.0
Shell,2016,4,32824,23655.0
CSS,2016,4,28675,22177.0
Swift,2016,4,22300,22337.0
Scala,2016,4,22250,12524.0
Objective-C,2016,4,12246,16691.0
Rust,2016,4,8229,6302.0
CoffeeScript,2016,4,7360,8065.0
Jupyter Notebook,2016,4,7016,4911.0
Lua,2016,4,6627,7562.0
Kotlin,2016,4,5814,6910.0
Clojure,2016,4,4895,3570.0
Elixir,2016,4,4545,4035.0
Perl,2016,4,4317,6040.0
Groovy,2016,4,4313,3089.0
Nix,2016,4,3878,1234.0
DM,2016,4,3575,1421.0
Haskell,2016,4,3376,3770.0
PowerShell,2016,4,3363,2621.0
Erlang,2016,4,3269,2426.0
Dart,2016,4,2864,3681.0
Vue,2016,4,2830,4307.0
Makefile,2016,4,2798,1363.0
OCaml,2016,4,2788,2542.0
R,2016,4,2428,3287.0
Visual Basic,2016,4,2352,1089.0
Puppet,2016,4,2115,464.0
Emacs Lisp,2016,4,1915,2629.0
Dockerfile,2016,4,1877,1175.0
Vim script,2016,4,1858,2064.0
F#,2016,4,1383,1675.0
TeX,2016,4,1370,1432.0
Julia,2016,4,1216,1426.0
Elm,2016,4,1125,999.0
CMake,2016,4,1059,742.0
SCSS,2016,4,1023,266.0
PureScript,2016,4,848,396.0
YAML,2016,4,740,141.0
Matlab,2016,4,738,621.0
MATLAB,2016,4,720,934.0
TSQL,2016,4,699,668.0
HCL,2016,4,692,243.0
Fortran,2016,4,651,496.0
PLpgSQL,2016,4,648,649.0
Objective-C++,2016,4,643,591.0
Perl6,2016,4,624,
Gherkin,2016,4,600,534.0
Crystal,2016,4,572,415.0
BitBake,2016,4,531,294.0
Haxe,2016,4,525,837.0
Common Lisp,2016,4,493,574.0
XSLT,2016,4,482,426.0
Visual Basic .NET,2016,4,425,275.0
RobotFramework,2016,4,422,180.0
SQF,2016,4,408,565.0
Pascal,2016,4,401,777.0
Prolog,2016,4,382,
Arduino,2016,4,368,310.0
Perl 6,2016,4,366,400.0
Smalltalk,2016,4,364,601.0
QML,2016,4,358,753.0
Smarty,2016,4,340,136.0
D,2016,4,331,734.0
Batchfile,2016,4,325,305.0
Xtend,2016,4,325,112.0
GLSL,2016,4,288,125.0
ooc,2016,4,285,
Mustache,2016,4,282,
mIRC Script,2016,4,279,
Assembly,2016,4,270,262.0
LLVM,2016,4,267,
SourcePawn,2016,4,265,471.0
Raku,2016,4,260,
Apex,2016,4,259,336.0
Scheme,2016,4,258,270.0
SQLPL,2016,4,253,
VHDL,2016,4,252,289.0
Roff,2016,4,247,571.0
Vala,2016,4,246,752.0
WebAssembly,2016,4,231,
Coq,2016,4,223,
ColdFusion,2016,4,221,438.0
SaltStack,2016,4,220,
VimL,2016,4,210,135.0
ApacheConf,2016,4,204,
Cuda,2016,4,203,364.0
Jinja,2016,4,202,231.0
PLSQL,2016,4,199,272.0
Eagle,2016,4,194,174.0
Standard ML,2016,4,193,217.0
Starlark,2016,4,191,
Jsonnet,2016,4,191,
1C Enterprise,2016,4,178,288.0
Nim,2016,4,171,125.0
Rich Text Format,2016,4,168,104.0
Nginx,2016,4,166,191.0
OpenEdge ABL,2016,4,163,236.0
Rascal,2016,4,161,293.0
Stylus,2016,4,142,
AGS Script,2016,4,139,
Pug,2016,4,138,
Racket,2016,4,133,125.0
API Blueprint,2016,4,131,
ABAP,2016,4,123,287.0
Processing,2016,4,120,
Tcl,2016,4,119,
Eiffel,2016,4,118,
GCC Machine Description,2016,4,118,
FreeMarker,2016,4,115,
M4,2016,4,114,
KiCad,2016,4,112,
AutoHotkey,2016,4,108,488.0
LiveScript,2016,4,105,150.0
Pan,2016,4,102,
JavaScript,2017,1,397530,324223.0
Python,2017,1,240232,186405.0
Java,2017,1,158813,186563.0
PHP,2017,1,113779,100275.0
Ruby,2017,1,110629,54339.0
Go,2017,1,93281,82613.0
C++,2017,1,78129,76431.0
TypeScript,2017,1,75170,92129.0
HTML,2017,1,64540,41473.0
C#,2017,1,54073,68483.0
C,2017,1,39191,39523.0
Shell,2017,1,35901,27348.0
CSS,2017,1,30705,22527.0
Scala,2017,1,24332,14967.0
Swift,2017,1,23880,21589.0
Objective-C,2017,1,11755,16485.0
Rust,2017,1,11336,9213.0
Jupyter Notebook,2017,1,9440,6063.0
Lua,2017,1,8950,9386.0
Kotlin,2017,1,7792,9760.0
CoffeeScript,2017,1,6523,7774.0
DM,2017,1,6359,2231.0
Elixir,2017,1,6164,4380.0
Clojure,2017,1,5519,4038.0
Groovy,2017,1,5463,3841.0
Perl,2017,1,4789,4922.0
Nix,2017,1,4727,1552.0
PowerShell,2017,1,4349,3151.0
Haskell,2017,1,4076,4316.0
Dart,2017,1,3862,5062.0
Erlang,2017,1,3313,2685.0
Makefile,2017,1,3199,1537.0
R,2017,1,3162,4613.0
Vue,2017,1,3056,6841.0
OCaml,2017,1,2754,2679.0
Vim script,2017,1,2615,3231.0
Visual Basic,2017,1,2596,1076.0
TeX,2017,1,2208,1746.0
Dockerfile,2017,1,2026,1384.0
Emacs Lisp,2017,1,1969,2800.0
Puppet,2017,1,1961,493.0
Julia,2017,1,1919,1294.0
F#,2017,1,1385,1512.0
Fortran,2017,1,1177,694.0
MATLAB,2017,1,1164,1045.0
SCSS,2017,1,1021,333.0
Elm,2017,1,997,1194.0
Objective-C++,2017,1,986,953.0
HCL,2017,1,915,391.0
TSQL,2017,1,909,844.0
PureScript,2017,1,875,535.0
CMake,2017,1,815,582.0
Gherkin,2017,1,789,600.0
XSLT,2017,1,757,538.0
Smarty,2017,1,729,420.0
Pascal,2017,1,698,789.0
Crystal,2017,1,697,464.0
PLpgSQL,2017,1,630,809.0
Roff,2017,1,549,649.0
Matlab,2017,1,516,560.0
BitBake,2017,1,515,189.0
Haxe,2017,1,489,713.0
Arduino,2017,1,459,352.0
D,2017,1,437,994.0
Common Lisp,2017,1,422,539.0
Visual Basic .NET,2017,1,415,205.0
YAML,2017,1,399,
GLSL,2017,1,377,296.0
RobotFramework,2017,1,373,451.0
Smalltalk,2017,1,357,675.0
Mustache,2017,1,341,
Vala,2017,1,335,1219.0
QML,2017,1,326,723.0
Apex,2017,1,314,525.0
PLSQL,2017,1,308,291.0
SaltStack,2017,1,305,114.0
Assembly,2017,1,296,259.0
Jsonnet,2017,1,284,
SourcePawn,2017,1,284,440.0
Batchfile,2017,1,270,908.0
SQF,2017,1,263,559.0
Starlark,2017,1,254,
Scheme,2017,1,246,242.0
Jinja,2017,1,244,252.0
Ada,2017,1,240,
ASP,2017,1,237,101.0
Raku,2017,1,229,
Nim,2017,1,226,199.0
Perl6,2017,1,224,
ABAP,2017,1,222,301.0
Xtend,2017,1,212,152.0
Markdown,2017,1,210,
Perl 6,2017,1,205,400.0
PostScript,2017,1,194,256.0
Standard ML,2017,1,186,157.0
Prolog,2017,1,185,
AutoIt,2017,1,182,168.0
ColdFusion,2017,1,168,329.0
Cuda,2017,1,166,197.0
FreeMarker,2017,1,165,151.0
Web Ontology Language,2017,1,164,372.0
Stylus,2017,1,163,
Protocol Buffer,2017,1,162,133.0
AutoHotkey,2017,1,156,386.0
Racket,2017,1,154,248.0
Rich Text Format,2017,1,153,145.0
Rascal,2017,1,150,199.0
WebAssembly,2017,1,150,
Groff,2017,1,146,
API Blueprint,2017,1,137,
Tcl,2017,1,133,142.0
Processing,2017,1,127,
KiCad,2017,1,122,131.0
Common Workflow Language,2017,1,120,144.0
mIRC Script,2017,1,119,
Component Pascal,2017,1,113,
Eagle,2017,1,113,
M4,2017,1,112,
OpenSCAD,2017,1,108,
SQLPL,2017,1,101,
SWIG,2017,1,101,
Coq,2017,1,100,
JavaScript,2017,2,388477,315237.0
Python,2017,2,251826,182148.0
Java,2017,2,157408,181404.0
Ruby,2017,2,108130,50332.0
PHP,2017,2,105055,94812.0
Go,2017,2,99153,75156.0
C++,2017,2,83233,76783.0
TypeScript,2017,2,81956,98231.0
HTML,2017,2,64912,37215.0
C#,2017,2,53596,63485.0
C,2017,2,38042,37890.0
CSS,2017,2,35449,22059.0
Shell,2017,2,34568,26722.0
Scala,2017,2,23711,14014.0
Swift,2017,2,22266,19818.0
Rust,2017,2,12682,9270.0
DM,2017,2,11293,2414.0
Objective-C,2017,2,11285,14726.0
Jupyter Notebook,2017,2,10612,6068.0
Kotlin,2017,2,9434,11457.0
Lua,2017,2,6732,9580.0
Groovy,2017,2,5475,3849.0
Elixir,2017,2,5443,4122.0
Clojure,2017,2,5122,3446.0
CoffeeScript,2017,2,5056,6487.0
Haskell,2017,2,4428,4612.0
Nix,2017,2,4187,1457.0
Dart,2017,2,4044,4675.0
Perl,2017,2,3992,4334.0
R,2017,2,3850,4847.0
PowerShell,2017,2,3837,3700.0
Vue,2017,2,3248,8247.0
Makefile,2017,2,2917,1645.0
OCaml,2017,2,2829,2379.0
Erlang,2017,2,2796,2445.0
HCL,2017,2,2481,1131.0
Visual Basic,2017,2,2433,780.0
Emacs Lisp,2017,2,2413,3288.0
Vim script,2017,2,2329,2793.0
Dockerfile,2017,2,2120,1230.0
Julia,2017,2,2016,1266.0
TeX,2017,2,1929,2120.0
Puppet,2017,2,1786,434.0
F#,2017,2,1531,1734.0
MATLAB,2017,2,1427,876.0
Visual Basic .NET,2017,2,1328,498.0
CMake,2017,2,1073,647.0
Elm,2017,2,1058,1055.0
PureScript,2017,2,1029,578.0
PLpgSQL,2017,2,927,1017.0
Fortran,2017,2,900,526.0
SCSS,2017,2,784,380.0
Crystal,2017,2,761,670.0
Matlab,2017,2,716,875.0
Vala,2017,2,694,2030.0
Perl 6,2017,2,690,520.0
BitBake,2017,2,654,367.0
Haxe,2017,2,641,548.0
Objective-C++,2017,2,626,506.0
Smarty,2017,2,622,229.0
Gherkin,2017,2,587,558.0
XSLT,2017,2,550,453.0
TSQL,2017,2,549,390.0
Perl6,2017,2,541,
Common Lisp,2017,2,529,598.0
D,2017,2,522,815.0
FreeMarker,2017,2,518,738.0
YAML,2017,2,500,110.0
Starlark,2017,2,468,182.0
Arduino,2017,2,465,385.0
Mustache,2017,2,441,
QML,2017,2,438,942.0
mIRC Script,2017,2,433,
Smalltalk,2017,2,421,643.0
SaltStack,2017,2,420,
SQF,2017,2,396,599.0
Roff,2017,2,389,492.0
Assembly,2017,2,374,236.0
Jinja,2017,2,362,473.0
Scheme,2017,2,339,288.0
Pascal,2017,2,315,670.0
Apex,2017,2,314,339.0
Nim,2017,2,291,233.0
PLSQL,2017,2,286,256.0
GLSL,2017,2,268,267.0
Batchfile,2017,2,266,363.0
WebAssembly,2017,2,257,
Standard ML,2017,2,246,198.0
M4,2017,2,222,
Uno,2017,2,208,
Markdown,2017,2,204,
Common Workflow Language,2017,2,200,
ASP,2017,2,198,125.0
Raku,2017,2,198,
SourcePawn,2017,2,196,386.0
Rich Text Format,2017,2,187,203.0
Processing,2017,2,178,
SWIG,2017,2,173,
JSON,2017,2,171,
Racket,2017,2,154,207.0
Protocol Buffer,2017,2,149,
RobotFramework,2017,2,148,482.0
Xtend,2017,2,138,100.0
ApacheConf,2017,2,137,
Mathematica,2017,2,136,
PostScript,2017,2,133,206.0
Stylus,2017,2,126,
ColdFusion,2017,2,125,396.0
LabVIEW,2017,2,121,126.0
Cuda,2017,2,118,321.0
Rascal,2017,2,118,256.0
ABAP,2017,2,117,233.0
OpenSCAD,2017,2,117,
Verilog,2017,2,115,402.0
F*,2017,2,109,249.0
AutoIt,2017,2,103,
YARA,2017,2,102,
ActionScript,2017,2,101,207.0
JavaScript,2017,3,356997,309826.0
Python,2017,3,243854,180257.0
Java,2017,3,140631,161263.0
Go,2017,3,104538,73656.0
PHP,2017,3,100471,91850.0
Ruby,2017,3,97963,42102.0
C++,2017,3,83317,76781.0
TypeScript,2017,3,82460,94605.0
HTML,2017,3,56455,33327.0
C#,2017,3,51805,63017.0
C,2017,3,37604,36779.0
Shell,2017,3,34510,25190.0
CSS,2017,3,29659,21251.0
Scala,2017,3,22190,12317.0
Swift,2017,3,21781,19201.0
Rust,2017,3,11861,8935.0
Kotlin,2017,3,11063,12687.0
Jupyter Notebook,2017,3,10160,5916.0
Objective-C,2017,3,10067,13900.0
DM,2017,3,9295,1724.0
Elixir,2017,3,6293,4815.0
Groovy,2017,3,5774,3778.0
Lua,2017,3,5745,8394.0
Vue,2017,3,5424,9386.0
Haskell,2017,3,5233,3845.0
Nix,2017,3,5010,1521.0
Clojure,2017,3,4556,2865.0
R,2017,3,4183,4426.0
Perl,2017,3,3904,3479.0
PowerShell,2017,3,3829,3401.0
Makefile,2017,3,3803,1923.0
CoffeeScript,2017,3,3677,5471.0
Dart,2017,3,3126,3890.0
HCL,2017,3,2798,712.0
Erlang,2017,3,2687,2782.0
OCaml,2017,3,2173,2955.0
Emacs Lisp,2017,3,2141,3291.0
Puppet,2017,3,2095,543.0
Dockerfile,2017,3,2029,1265.0
Vim script,2017,3,2013,2517.0
F#,2017,3,1507,1844.0
Visual Basic .NET,2017,3,1358,503.0
Julia,2017,3,1332,1113.0
MATLAB,2017,3,1296,906.0
TeX,2017,3,1275,1325.0
Gherkin,2017,3,1138,485.0
CMake,2017,3,1115,590.0
Elm,2017,3,965,997.0
Common Lisp,2017,3,917,512.0
Visual Basic,2017,3,841,678.0
Fortran,2017,3,819,632.0
PLpgSQL,2017,3,801,1035.0
TSQL,2017,3,762,716.0
Vala,2017,3,719,1840.0
SCSS,2017,3,718,320.0
BitBake,2017,3,677,316.0
FreeMarker,2017,3,645,738.0
Crystal,2017,3,631,599.0
PureScript,2017,3,629,476.0
Smarty,2017,3,597,239.0
Smalltalk,2017,3,560,505.0
Starlark,2017,3,536,244.0
Matlab,2017,3,536,617.0
XSLT,2017,3,520,452.0
D,2017,3,451,1085.0
Apex,2017,3,444,422.0
mIRC Script,2017,3,442,
Roff,2017,3,425,440.0
Uno,2017,3,425,230.0
YAML,2017,3,423,
Mustache,2017,3,407,
SaltStack,2017,3,404,
Haxe,2017,3,397,398.0
Arduino,2017,3,390,239.0
Pascal,2017,3,389,1309.0
Assembly,2017,3,358,513.0
Nim,2017,3,357,318.0
Perl 6,2017,3,345,625.0
Racket,2017,3,344,461.0
QML,2017,3,336,665.0
SourcePawn,2017,3,304,713.0
Batchfile,2017,3,298,220.0
Raku,2017,3,253,
Scheme,2017,3,250,229.0
SQF,2017,3,243,408.0
DIGITAL Command Language,2017,3,239,
PLSQL,2017,3,238,386.0
WebAssembly,2017,3,229,
Standard ML,2017,3,224,218.0
Xtend,2017,3,217,329.0
PostScript,2017,3,201,305.0
Common Workflow Language,2017,3,198,
Tcl,2017,3,189,122.0
Jinja,2017,3,183,211.0
JSON,2017,3,179,
GDScript,2017,3,170,175.0
Meson,2017,3,167,
ABAP,2017,3,164,299.0
RobotFramework,2017,3,162,494.0
M4,2017,3,161,
Mathematica,2017,3,159,114.0
1C Enterprise,2017,3,151,141.0
Protocol Buffer,2017,3,147,
Stylus,2017,3,145,
GLSL,2017,3,144,160.0
Objective-C++,2017,3,136,166.0
AutoHotkey,2017,3,119,406.0
PureBasic,2017,3,116,
NSIS,2017,3,115,
LabVIEW,2017,3,114,149.0
Nunjucks,2017,3,114,205.0
SWIG,2017,3,112,
Processing,2017,3,110,
ColdFusion,2017,3,103,329.0
F*,2017,3,100,174.0
JavaScript,2017,4,334136,283325.0
Python,2017,4,234553,175155.0
Java,2017,4,143953,153401.0
Go,2017,4,99571,68869.0
PHP,2017,4,98388,89540.0
Ruby,2017,4,93062,36779.0
TypeScript,2017,4,90442,95794.0
C++,2017,4,90097,79436.0
HTML,2017,4,62609,30703.0
C#,2017,4,50023,63705.0
C,2017,4,38852,36786.0
Shell,2017,4,29172,22518.0
CSS,2017,4,25131,19493.0
Swift,2017,4,21601,20244.0
Scala,2017,4,19270,10545.0
Jupyter Notebook,2017,4,13497,5770.0
Kotlin,2017,4,12153,13027.0
DM,2017,4,11068,2184.0
Rust,2017,4,10887,7879.0
Objective-C,2017,4,9382,13508.0
Groovy,2017,4,6354,3899.0
Vue,2017,4,5803,10824.0
Elixir,2017,4,5396,3899.0
Nix,2017,4,5366,1729.0
Lua,2017,4,5163,5975.0
Clojure,2017,4,4708,3454.0
Haskell,2017,4,4293,3002.0
Perl,2017,4,3962,3565.0
PowerShell,2017,4,3607,3676.0
CoffeeScript,2017,4,3499,5198.0
Dart,2017,4,3382,3977.0
Makefile,2017,4,3050,1327.0
Erlang,2017,4,2909,2160.0
R,2017,4,2857,3806.0
OCaml,2017,4,2577,2982.0
Emacs Lisp,2017,4,2521,3241.0
Dockerfile,2017,4,2466,1450.0
Vim script,2017,4,2224,2308.0
HCL,2017,4,2190,474.0
Puppet,2017,4,1560,246.0
Visual Basic .NET,2017,4,1512,309.0
TSQL,2017,4,1383,587.0
TeX,2017,4,1346,1268.0
MATLAB,2017,4,1219,1121.0
F#,2017,4,1168,1293.0
Julia,2017,4,1094,899.0
Crystal,2017,4,1020,735.0
CMake,2017,4,998,552.0
Fortran,2017,4,908,3933.0
SCSS,2017,4,849,345.0
PLpgSQL,2017,4,804,837.0
Elm,2017,4,768,784.0
Smarty,2017,4,727,231.0
Gherkin,2017,4,688,485.0
Visual Basic,2017,4,581,822.0
Vala,2017,4,563,1780.0
Roff,2017,4,527,790.0
Starlark,2017,4,511,258.0
BitBake,2017,4,508,131.0
PureScript,2017,4,428,302.0
Common Lisp,2017,4,421,404.0
XSLT,2017,4,420,400.0
Smalltalk,2017,4,416,320.0
mIRC Script,2017,4,408,
Uno,2017,4,403,277.0
YAML,2017,4,400,
SQF,2017,4,393,524.0
FreeMarker,2017,4,373,502.0
Haxe,2017,4,356,447.0
D,2017,4,355,606.0
Assembly,2017,4,345,370.0
Pascal,2017,4,345,958.0
Apex,2017,4,339,381.0
Nim,2017,4,334,308.0
Matlab,2017,4,329,480.0
SourcePawn,2017,4,307,565.0
Mustache,2017,4,286,
QML,2017,4,284,500.0
Arduino,2017,4,282,164.0
RobotFramework,2017,4,262,317.0
Batchfile,2017,4,262,184.0
Standard ML,2017,4,237,293.0
GLSL,2017,4,235,402.0
M4,2017,4,232,
SaltStack,2017,4,225,125.0
Perl 6,2017,4,221,365.0
PLSQL,2017,4,213,296.0
Tcl,2017,4,202,147.0
WebAssembly,2017,4,201,
Scheme,2017,4,198,301.0
ColdFusion,2017,4,197,311.0
DIGITAL Command Language,2017,4,189,
Raku,2017,4,179,197.0
Common Workflow Language,2017,4,173,
ABAP,2017,4,166,262.0
Stylus,2017,4,159,
Jinja,2017,4,155,212.0
GDScript,2017,4,152,401.0
Markdown,2017,4,151,
JSON,2017,4,149,
PostScript,2017,4,146,286.0
Objective-C++,2017,4,144,148.0
VHDL,2017,4,144,223.0
Jsonnet,2017,4,136,
Racket,2017,4,133,144.0
Coq,2017,4,124,107.0
LLVM,2017,4,120,
Eiffel,2017,4,119,
COBOL,2017,4,119,
SWIG,2017,4,116,
UnrealScript,2017,4,114,176.0
AutoHotkey,2017,4,113,308.0
Mathematica,2017,4,101,380.0
JavaScript,2018,1,265358,243302.0
Python,2018,1,210832,158455.0
Java,2018,1,117154,131440.0
Go,2018,1,94520,70653.0
Ruby,2018,1,84753,34226.0
TypeScript,2018,1,84658,85455.0
C++,2018,1,80650,78216.0
PHP,2018,1,77555,78024.0
C#,2018,1,41924,57600.0
HTML,2018,1,37299,23667.0
C,2018,1,34548,36018.0
Shell,2018,1,28330,22027.0
Scala,2018,1,17933,10461.0
Swift,2018,1,15788,15889.0
CSS,2018,1,14715,13578.0
DM,2018,1,10318,2325.0
Kotlin,2018,1,9521,11958.0
Rust,2018,1,9340,7232.0
Jupyter Notebook,2018,1,8600,4889.0
Nix,2018,1,8387,2040.0
Objective-C,2018,1,6847,11457.0
Groovy,2018,1,5486,3240.0
Vue,2018,1,4889,7825.0
Dart,2018,1,4322,6127.0
Elixir,2018,1,3974,2927.0
Clojure,2018,1,3970,3032.0
Lua,2018,1,3832,5213.0
Haskell,2018,1,3819,2948.0
Perl,2018,1,3186,3228.0
Makefile,2018,1,3147,1260.0
PowerShell,2018,1,3038,3026.0
R,2018,1,2878,3703.0
Dockerfile,2018,1,2669,3641.0
Erlang,2018,1,2535,1716.0
CoffeeScript,2018,1,2528,3711.0
Emacs Lisp,2018,1,2487,3036.0
OCaml,2018,1,2263,2213.0
HCL,2018,1,1834,355.0
Vim script,2018,1,1714,2356.0
F#,2018,1,1608,1122.0
Puppet,2018,1,1486,366.0
TSQL,2018,1,1079,575.0
SCSS,2018,1,1020,353.0
MATLAB,2018,1,965,983.0
Julia,2018,1,924,808.0
Crystal,2018,1,910,420.0
PLpgSQL,2018,1,881,984.0
CMake,2018,1,785,572.0
Fortran,2018,1,743,515.0
Gherkin,2018,1,713,307.0
Elm,2018,1,685,671.0
FreeMarker,2018,1,677,666.0
BitBake,2018,1,662,286.0
Jsonnet,2018,1,661,474.0
TeX,2018,1,613,879.0
Visual Basic .NET,2018,1,569,120.0
mIRC Script,2018,1,563,
Starlark,2018,1,558,314.0
Vala,2018,1,540,1392.0
YAML,2018,1,520,105.0
XSLT,2018,1,476,328.0
Roff,2018,1,416,670.0
Assembly,2018,1,400,416.0
QML,2018,1,391,815.0
Haxe,2018,1,359,382.0
Smarty,2018,1,358,188.0
Common Lisp,2018,1,352,468.0
D,2018,1,345,690.0
Smalltalk,2018,1,335,596.0
Visual Basic,2018,1,325,431.0
Jinja,2018,1,322,246.0
Mustache,2018,1,320,
Apex,2018,1,311,362.0
PureScript,2018,1,291,318.0
Uno,2018,1,286,208.0
ABAP,2018,1,268,246.0
Standard ML,2018,1,257,283.0
GLSL,2018,1,243,368.0
Coq,2018,1,220,100.0
Scheme,2018,1,215,232.0
WebAssembly,2018,1,214,
RobotFramework,2018,1,196,325.0
Rich Text Format,2018,1,188,123.0
Objective-C++,2018,1,188,184.0
Raku,2018,1,184,393.0
PLSQL,2018,1,184,272.0
Nim,2018,1,172,186.0
Stylus,2018,1,171,
SaltStack,2018,1,170,
Pascal,2018,1,168,1022.0
JSON,2018,1,163,
SourcePawn,2018,1,163,334.0
ColdFusion,2018,1,161,386.0
M4,2018,1,150,
SQF,2018,1,143,205.0
SWIG,2018,1,143,
Matlab,2018,1,140,358.0
Perl 6,2018,1,138,455.0
GDScript,2018,1,134,139.0
Common Workflow Language,2018,1,131,
Batchfile,2018,1,124,190.0
Meson,2018,1,123,
Markdown,2018,1,120,
Eiffel,2018,1,112,
JavaScript,2018,2,202755,179708.0
Python,2018,2,176307,129638.0
Java,2018,2,94255,120641.0
Go,2018,2,79150,57097.0
C++,2018,2,70421,65900.0
TypeScript,2018,2,69872,72247.0
Ruby,2018,2,66414,26941.0
PHP,2018,2,57773,59258.0
C#,2018,2,33633,46690.0
HTML,2018,2,31250,17669.0
C,2018,2,30412,30556.0
Shell,2018,2,21643,17704.0
Scala,2018,2,14229,7147.0
Swift,2018,2,12970,12920.0
CSS,2018,2,9598,8906.0
Kotlin,2018,2,7852,9484.0
Nix,2018,2,7364,2015.0
Rust,2018,2,7331,5634.0
Jupyter Notebook,2018,2,6681,4057.0
Objective-C,2018,2,6021,10614.0
DM,2018,2,5288,1266.0
Groovy,2018,2,4886,2888.0
Dart,2018,2,4385,7346.0
Elixir,2018,2,3703,2371.0
Clojure,2018,2,3576,2680.0
Vue,2018,2,3545,6879.0
Lua,2018,2,3318,4473.0
Haskell,2018,2,3150,2394.0
PowerShell,2018,2,2735,2551.0
Perl,2018,2,2709,2814.0
Erlang,2018,2,2474,1476.0
Makefile,2018,2,2392,959.0
OCaml,2018,2,2062,2165.0
Dockerfile,2018,2,2013,1576.0
CoffeeScript,2018,2,1878,3274.0
Emacs Lisp,2018,2,1759,2235.0
R,2018,2,1735,2926.0
Vim script,2018,2,1354,1877.0
Mathematica,2018,2,1336,
TSQL,2018,2,983,480.0
Puppet,2018,2,956,150.0
Jsonnet,2018,2,948,610.0
HCL,2018,2,911,387.0
MATLAB,2018,2,905,750.0
Visual Basic .NET,2018,2,860,241.0
Fortran,2018,2,850,510.0
PLpgSQL,2018,2,742,804.0
SCSS,2018,2,722,395.0
Starlark,2018,2,685,305.0
Julia,2018,2,664,640.0
Apex,2018,2,638,244.0
F#,2018,2,634,830.0
PureScript,2018,2,599,315.0
FreeMarker,2018,2,598,379.0
Crystal,2018,2,595,364.0
Vala,2018,2,551,907.0
CMake,2018,2,531,308.0
Scheme,2018,2,509,238.0
TeX,2018,2,497,733.0
XSLT,2018,2,488,345.0
BitBake,2018,2,453,214.0
Gherkin,2018,2,427,121.0
mIRC Script,2018,2,420,
Elm,2018,2,381,367.0
Haxe,2018,2,337,312.0
Smalltalk,2018,2,337,373.0
Smarty,2018,2,295,133.0
Jinja,2018,2,277,317.0
YAML,2018,2,270,
ABAP,2018,2,251,292.0
Common Lisp,2018,2,247,249.0
Objective-C++,2018,2,245,
Racket,2018,2,229,120.0
Mustache,2018,2,224,
Roff,2018,2,223,576.0
QML,2018,2,207,355.0
PLSQL,2018,2,206,259.0
Perl 6,2018,2,205,692.0
SaltStack,2018,2,194,
SourcePawn,2018,2,189,183.0
Assembly,2018,2,183,172.0
Pascal,2018,2,182,707.0
GLSL,2018,2,181,239.0
Objective-J,2018,2,180,
Raku,2018,2,164,344.0
RobotFramework,2018,2,162,212.0
PostScript,2018,2,154,309.0
Nim,2018,2,152,271.0
D,2018,2,149,457.0
WebAssembly,2018,2,146,
Meson,2018,2,145,108.0
Twig,2018,2,140,
Nunjucks,2018,2,137,309.0
Markdown,2018,2,132,
Stylus,2018,2,128,
Rich Text Format,2018,2,126,
Batchfile,2018,2,125,
Coq,2018,2,122,142.0
LLVM,2018,2,122,
Matlab,2018,2,116,256.0
Visual Basic,2018,2,107,222.0
M4,2018,2,106,
ColdFusion,2018,2,103,249.0
SQF,2018,2,103,221.0
JavaScript,2018,3,182227,164650.0
Python,2018,3,178331,122245.0
Java,2018,3,92773,107205.0
Go,2018,3,81798,58367.0
C++,2018,3,69797,70464.0
TypeScript,2018,3,69227,70244.0
Ruby,2018,3,61933,24473.0
PHP,2018,3,54800,54535.0
C#,2018,3,34080,42817.0
HTML,2018,3,28591,15587.0
C,2018,3,27791,29219.0
Shell,2018,3,21703,17374.0
Scala,2018,3,14125,6641.0
Swift,2018,3,12873,11499.0
CSS,2018,3,9907,8037.0
Kotlin,2018,3,9035,9052.0
Nix,2018,3,7418,1363.0
Rust,2018,3,7066,6175.0
Jupyter Notebook,2018,3,6507,4004.0
Objective-C,2018,3,5780,9369.0
DM,2018,3,4933,1188.0
Groovy,2018,3,4825,2973.0
Dart,2018,3,4581,7443.0
Elixir,2018,3,3832,2390.0
Clojure,2018,3,3489,2427.0
Lua,2018,3,3228,4608.0
Haskell,2018,3,2870,2071.0
Perl,2018,3,2833,2479.0
Vue,2018,3,2772,5717.0
Makefile,2018,3,2547,974.0
Erlang,2018,3,2373,1336.0
CoffeeScript,2018,3,2295,3085.0
PowerShell,2018,3,2078,2041.0
OCaml,2018,3,2065,1809.0
Dockerfile,2018,3,1893,1363.0
R,2018,3,1702,2412.0
Emacs Lisp,2018,3,1518,2277.0
Vim script,2018,3,1510,1732.0
Puppet,2018,3,1260,236.0
Julia,2018,3,1067,952.0
SCSS,2018,3,930,247.0
Starlark,2018,3,924,342.0
TSQL,2018,3,873,505.0
PLpgSQL,2018,3,870,805.0
Jsonnet,2018,3,812,649.0
HCL,2018,3,775,272.0
F#,2018,3,720,674.0
MATLAB,2018,3,660,736.0
Visual Basic .NET,2018,3,624,226.0
Fortran,2018,3,621,443.0
Apex,2018,3,577,156.0
FreeMarker,2018,3,575,392.0
ABAP,2018,3,530,389.0
XSLT,2018,3,500,265.0
RobotFramework,2018,3,491,190.0
TeX,2018,3,459,569.0
Smalltalk,2018,3,450,466.0
Crystal,2018,3,444,302.0
BitBake,2018,3,415,192.0
mIRC Script,2018,3,414,
Smarty,2018,3,409,
CMake,2018,3,406,341.0
Gherkin,2018,3,396,107.0
Common Lisp,2018,3,382,327.0
Vala,2018,3,339,909.0
Elm,2018,3,337,383.0
Perl 6,2018,3,295,425.0
Haxe,2018,3,271,338.0
PureScript,2018,3,230,199.0
PLSQL,2018,3,214,290.0
Assembly,2018,3,213,171.0
Cuda,2018,3,213,205.0
Racket,2018,3,205,117.0
Roff,2018,3,199,498.0
Twig,2018,3,198,123.0
Mustache,2018,3,197,
Nunjucks,2018,3,181,348.0
Markdown,2018,3,174,
Batchfile,2018,3,174,246.0
M4,2018,3,169,
D,2018,3,157,407.0
Nim,2018,3,155,305.0
SourcePawn,2018,3,148,248.0
SaltStack,2018,3,142,
YAML,2018,3,138,
Jinja,2018,3,134,195.0
Scheme,2018,3,133,128.0
Visual Basic,2018,3,130,353.0
Raku,2018,3,126,423.0
SWIG,2018,3,121,
GLSL,2018,3,115,132.0
Pascal,2018,3,109,422.0
Stylus,2018,3,104,
WebAssembly,2018,3,100,
JavaScript,2018,4,176351,145448.0
Python,2018,4,174702,109962.0
Java,2018,4,91653,84452.0
Go,2018,4,79705,53862.0
TypeScript,2018,4,70816,64603.0
C++,2018,4,65836,53595.0
Ruby,2018,4,62976,20729.0
PHP,2018,4,57467,49835.0
C#,2018,4,34389,41975.0
HTML,2018,4,30472,14819.0
C,2018,4,29879,26416.0
Shell,2018,4,19853,14868.0
Scala,2018,4,13381,4973.0
Swift,2018,4,11745,10555.0
CSS,2018,4,10438,6970.0
Kotlin,2018,4,8938,8676.0
Nix,2018,4,8651,1588.0
Jupyter Notebook,2018,4,6532,3767.0
Rust,2018,4,6532,4335.0
Elixir,2018,4,4771,2153.0
Objective-C,2018,4,4670,7738.0
Groovy,2018,4,4468,2506.0
Dart,2018,4,3933,6971.0
DM,2018,4,3878,1067.0
Clojure,2018,4,3382,2374.0
Perl,2018,4,3041,2512.0
Lua,2018,4,2879,3494.0
Makefile,2018,4,2464,877.0
Vue,2018,4,2243,4835.0
Haskell,2018,4,2197,2133.0
PowerShell,2018,4,2015,1924.0
Emacs Lisp,2018,4,1932,2165.0
OCaml,2018,4,1893,1463.0
Erlang,2018,4,1882,1140.0
Dockerfile,2018,4,1808,1204.0
CoffeeScript,2018,4,1770,2042.0
R,2018,4,1406,2221.0
Vim script,2018,4,1366,1434.0
Starlark,2018,4,1123,426.0
SCSS,2018,4,1101,171.0
Puppet,2018,4,1003,122.0
Jsonnet,2018,4,949,581.0
TSQL,2018,4,842,391.0
Julia,2018,4,818,766.0
Fortran,2018,4,732,493.0
MATLAB,2018,4,623,566.0
PLpgSQL,2018,4,599,698.0
CMake,2018,4,567,364.0
HCL,2018,4,562,146.0
F#,2018,4,542,752.0
Vala,2018,4,542,1080.0
mIRC Script,2018,4,517,
FreeMarker,2018,4,508,231.0
Apex,2018,4,479,216.0
Jinja,2018,4,469,331.0
Crystal,2018,4,436,195.0
Visual Basic .NET,2018,4,433,141.0
TeX,2018,4,422,521.0
Roff,2018,4,397,313.0
BitBake,2018,4,395,128.0
Coq,2018,4,388,208.0
XSLT,2018,4,380,249.0
Gherkin,2018,4,353,
Smalltalk,2018,4,345,414.0
ABAP,2018,4,309,260.0
Nunjucks,2018,4,296,337.0
Smarty,2018,4,248,
Perl 6,2018,4,238,337.0
Batchfile,2018,4,237,198.0
YAML,2018,4,228,
Haxe,2018,4,227,362.0
QML,2018,4,221,193.0
Elm,2018,4,211,231.0
WebAssembly,2018,4,210,
Common Lisp,2018,4,194,196.0
Assembly,2018,4,180,136.0
Mustache,2018,4,178,
Pascal,2018,4,174,383.0
Scheme,2018,4,174,123.0
PureScript,2018,4,165,136.0
DIGITAL Command Language,2018,4,164,
Nim,2018,4,156,237.0
D,2018,4,154,230.0
PLSQL,2018,4,142,201.0
Stylus,2018,4,138,
M4,2018,4,135,
GLSL,2018,4,133,234.0
SaltStack,2018,4,132,
Visual Basic,2018,4,129,289.0
SourcePawn,2018,4,128,246.0
Markdown,2018,4,119,
SWIG,2018,4,113,
Raku,2018,4,102,303.0
LLVM,2018,4,100,
Python,2019,1,192281,127508.0
JavaScript,2019,1,186107,149656.0
Java,2019,1,105219,87987.0
Go,2019,1,91038,61657.0
TypeScript,2019,1,80806,66750.0
C++,2019,1,76323,58115.0
Ruby,2019,1,66036,23416.0
PHP,2019,1,58637,54344.0
C#,2019,1,39355,45382.0
C,2019,1,35383,30089.0
HTML,2019,1,30450,14470.0
Shell,2019,1,21814,15932.0
Scala,2019,1,15125,5446.0
Swift,2019,1,11540,8877.0
Kotlin,2019,1,10202,9572.0
CSS,2019,1,9828,7448.0
Nix,2019,1,8675,1793.0
Jupyter Notebook,2019,1,7482,4499.0
Rust,2019,1,7227,4876.0
Dart,2019,1,6020,9203.0
Objective-C,2019,1,5112,7670.0
Groovy,2019,1,4520,2724.0
Elixir,2019,1,4177,2444.0
DM,2019,1,3702,762.0
Clojure,2019,1,3073,2035.0
Lua,2019,1,3051,3875.0
Vue,2019,1,3037,4965.0
Perl,2019,1,2831,2661.0
Makefile,2019,1,2492,844.0
PowerShell,2019,1,2129,1936.0
OCaml,2019,1,2055,1892.0
Haskell,2019,1,1838,2012.0
Starlark,2019,1,1818,478.0
Emacs Lisp,2019,1,1767,2324.0
Dockerfile,2019,1,1752,1293.0
R,2019,1,1647,2748.0
Vim script,2019,1,1549,1505.0
CoffeeScript,2019,1,1417,1698.0
Erlang,2019,1,1395,797.0
Jsonnet,2019,1,1318,773.0
Puppet,2019,1,1242,148.0
SCSS,2019,1,1195,314.0
HCL,2019,1,940,235.0
TSQL,2019,1,912,429.0
Julia,2019,1,880,1033.0
MATLAB,2019,1,833,782.0
Jinja,2019,1,738,418.0
F#,2019,1,679,719.0
Fortran,2019,1,672,415.0
TeX,2019,1,624,551.0
PLpgSQL,2019,1,550,623.0
Apex,2019,1,525,198.0
CMake,2019,1,520,334.0
Coq,2019,1,471,312.0
Gherkin,2019,1,465,112.0
ABAP,2019,1,455,340.0
Smarty,2019,1,448,
Visual Basic .NET,2019,1,443,198.0
mIRC Script,2019,1,394,
BitBake,2019,1,390,148.0
Vala,2019,1,364,773.0
Lean,2019,1,361,
Roff,2019,1,348,447.0
Smalltalk,2019,1,305,653.0
Crystal,2019,1,298,160.0
XSLT,2019,1,283,276.0
Batchfile,2019,1,255,120.0
Mustache,2019,1,249,
YAML,2019,1,237,
FreeMarker,2019,1,233,353.0
PureScript,2019,1,218,111.0
GLSL,2019,1,186,219.0
Scheme,2019,1,178,151.0
WebAssembly,2019,1,177,
PLSQL,2019,1,176,300.0
Common Lisp,2019,1,172,252.0
Haxe,2019,1,172,382.0
QML,2019,1,169,259.0
Perl 6,2019,1,167,349.0
Elm,2019,1,162,164.0
Nunjucks,2019,1,153,431.0
SWIG,2019,1,145,129.0
Stylus,2019,1,141,
Visual Basic,2019,1,135,302.0
Pascal,2019,1,135,494.0
SaltStack,2019,1,132,
SQF,2019,1,120,
Nim,2019,1,119,190.0
LLVM,2019,1,117,
Rich Text Format,2019,1,116,112.0
Raku,2019,1,115,283.0
Markdown,2019,1,112,
M4,2019,1,105,
Assembly,2019,1,104,249.0
Python,2019,2,194925,116635.0
JavaScript,2019,2,192195,142693.0
Java,2019,2,109730,88263.0
Go,2019,2,92480,61182.0
TypeScript,2019,2,83985,62411.0
C++,2019,2,77842,57253.0
Ruby,2019,2,65185,19395.0
PHP,2019,2,58828,50655.0
C#,2019,2,41665,43028.0
C,2019,2,32583,27639.0
HTML,2019,2,28919,12942.0
Shell,2019,2,21721,15360.0
Scala,2019,2,15849,5782.0
Swift,2019,2,12428,10030.0
Kotlin,2019,2,10666,8676.0
CSS,2019,2,10087,6106.0
Nix,2019,2,9312,1505.0
Jupyter Notebook,2019,2,8850,4606.0
Rust,2019,2,8094,5240.0
Dart,2019,2,6923,10153.0
Objective-C,2019,2,5573,7975.0
Elixir,2019,2,5395,2501.0
DM,2019,2,4652,1175.0
Groovy,2019,2,4606,2558.0
Vue,2019,2,3602,5424.0
Starlark,2019,2,3589,494.0
OCaml,2019,2,2981,1779.0
Makefile,2019,2,2905,805.0
Clojure,2019,2,2799,1444.0
Perl,2019,2,2614,3015.0
Lua,2019,2,2517,3719.0
PowerShell,2019,2,2034,1818.0
Haskell,2019,2,1937,1881.0
SCSS,2019,2,1685,311.0
Emacs Lisp,2019,2,1592,2091.0
Dockerfile,2019,2,1513,1142.0
CoffeeScript,2019,2,1471,1483.0
Erlang,2019,2,1399,932.0
Vim script,2019,2,1339,1595.0
R,2019,2,1320,2429.0
Jsonnet,2019,2,1277,1151.0
Puppet,2019,2,1144,134.0
Jinja,2019,2,1091,753.0
TSQL,2019,2,931,454.0
HCL,2019,2,919,309.0
MATLAB,2019,2,750,639.0
Smarty,2019,2,687,115.0
F#,2019,2,607,828.0
Fortran,2019,2,595,424.0
Julia,2019,2,579,608.0
YAML,2019,2,578,178.0
Lean,2019,2,563,
PLpgSQL,2019,2,524,618.0
TeX,2019,2,490,530.0
CMake,2019,2,457,365.0
Smalltalk,2019,2,454,646.0
Apex,2019,2,413,163.0
Visual Basic .NET,2019,2,410,151.0
Gherkin,2019,2,395,
mIRC Script,2019,2,385,
WebAssembly,2019,2,368,
BitBake,2019,2,343,
Crystal,2019,2,313,142.0
Coq,2019,2,300,163.0
Elm,2019,2,289,191.0
Vala,2019,2,270,680.0
FreeMarker,2019,2,269,
XSLT,2019,2,249,170.0
Common Lisp,2019,2,243,233.0
Roff,2019,2,228,203.0
ABAP,2019,2,218,207.0
SourcePawn,2019,2,209,213.0
Raku,2019,2,194,272.0
PLSQL,2019,2,192,315.0
GLSL,2019,2,192,229.0
Stylus,2019,2,189,
Scheme,2019,2,187,137.0
Assembly,2019,2,179,203.0
Mustache,2019,2,175,
QML,2019,2,174,140.0
Nunjucks,2019,2,174,277.0
Haxe,2019,2,173,338.0
PureScript,2019,2,165,139.0
SaltStack,2019,2,163,104.0
Perl 6,2019,2,160,374.0
Visual Basic,2019,2,147,121.0
ColdFusion,2019,2,146,284.0
SQF,2019,2,138,
SystemVerilog,2019,2,137,
Rich Text Format,2019,2,136,241.0
D,2019,2,136,176.0
LLVM,2019,2,135,
Pascal,2019,2,124,371.0
OpenEdge ABL,2019,2,123,
Objective-C++,2019,2,121,
Batchfile,2019,2,115,118.0
M4,2019,2,110,
Nim,2019,2,105,157.0
UnrealScript,2019,2,105,100.0
F*,2019,2,103,
JavaScript,2019,3,200008,126962.0
Python,2019,3,183282,108596.0
Java,2019,3,106327,84650.0
Go,2019,3,94910,62669.0
TypeScript,2019,3,83534,63144.0
C++,2019,3,75354,58385.0
Ruby,2019,3,62378,18069.0
PHP,2019,3,55042,44764.0
C#,2019,3,37212,41312.0
C,2019,3,31865,27777.0
HTML,2019,3,25928,14474.0
Shell,2019,3,19999,12842.0
Scala,2019,3,19017,5404.0
Nix,2019,3,10506,1626.0
Rust,2019,3,10127,4745.0
Kotlin,2019,3,10100,8067.0
Swift,2019,3,9717,8128.0
CSS,2019,3,8554,5656.0
Jupyter Notebook,2019,3,8441,3578.0
Dart,2019,3,7893,11877.0
Objective-C,2019,3,5558,7793.0
Elixir,2019,3,4984,1439.0
Starlark,2019,3,4781,724.0
Groovy,2019,3,4455,2499.0
DM,2019,3,4277,1703.0
Vue,2019,3,3441,4735.0
Perl,2019,3,2820,2520.0
Clojure,2019,3,2670,1344.0
Makefile,2019,3,2659,788.0
Lua,2019,3,2591,3840.0
OCaml,2019,3,1992,1597.0
Haskell,2019,3,1905,1698.0
CoffeeScript,2019,3,1715,1352.0
SCSS,2019,3,1712,205.0
PowerShell,2019,3,1690,1537.0
Emacs Lisp,2019,3,1605,2093.0
Dockerfile,2019,3,1556,1159.0
Vim script,2019,3,1331,1188.0
R,2019,3,1289,2291.0
Erlang,2019,3,1215,986.0
HCL,2019,3,903,428.0
Puppet,2019,3,888,100.0
Jsonnet,2019,3,830,1011.0
Julia,2019,3,709,986.0
Smarty,2019,3,671,
Lean,2019,3,633,
SystemVerilog,2019,3,605,268.0
Jinja,2019,3,581,402.0
Fortran,2019,3,538,427.0
YAML,2019,3,516,123.0
Apex,2019,3,512,153.0
MATLAB,2019,3,499,547.0
TSQL,2019,3,487,374.0
Visual Basic .NET,2019,3,473,167.0
F#,2019,3,427,626.0
Smalltalk,2019,3,374,689.0
PLpgSQL,2019,3,367,471.0
Stylus,2019,3,366,
TeX,2019,3,361,484.0
mIRC Script,2019,3,353,
Nunjucks,2019,3,348,461.0
BitBake,2019,3,344,133.0
Gherkin,2019,3,340,
Roff,2019,3,331,365.0
FreeMarker,2019,3,318,
Vala,2019,3,298,658.0
Coq,2019,3,298,
CMake,2019,3,281,364.0
Crystal,2019,3,278,113.0
WebAssembly,2019,3,273,
XSLT,2019,3,265,200.0
Elm,2019,3,263,118.0
ABAP,2019,3,260,187.0
Scheme,2019,3,240,156.0
SaltStack,2019,3,240,
ColdFusion,2019,3,193,330.0
Objective-C++,2019,3,186,
Haxe,2019,3,186,268.0
Mustache,2019,3,178,
Raku,2019,3,168,199.0
Common Lisp,2019,3,168,201.0
PureScript,2019,3,166,145.0
QML,2019,3,152,176.0
SourcePawn,2019,3,150,119.0
GLSL,2019,3,146,186.0
PLSQL,2019,3,139,206.0
Assembly,2019,3,135,160.0
Pascal,2019,3,132,312.0
Rich Text Format,2019,3,128,204.0
Perl 6,2019,3,124,271.0
D,2019,3,119,167.0
Batchfile,2019,3,118,123.0
Genshi,2019,3,117,
Nim,2019,3,116,188.0
Blade,2019,3,107,
SQF,2019,3,105,
JavaScript,2019,4,209556,116636.0
Python,2019,4,200425,107953.0
Java,2019,4,114364,80650.0
Go,2019,4,94630,58892.0
TypeScript,2019,4,90379,63034.0
Ruby,2019,4,77021,17556.0
C++,2019,4,75606,56278.0
PHP,2019,4,61066,44983.0
C#,2019,4,41040,42645.0
HTML,2019,4,32050,11182.0
C,2019,4,31651,27855.0
Shell,2019,4,20998,12789.0
Scala,2019,4,19466,4721.0
CSS,2019,4,11537,4491.0
Nix,2019,4,11194,1980.0
Kotlin,2019,4,10266,7486.0
Swift,2019,4,10056,7907.0
Rust,2019,4,10031,5406.0
Jupyter Notebook,2019,4,8815,4056.0
Dart,2019,4,8035,16437.0
Starlark,2019,4,7042,920.0
Objective-C,2019,4,5343,7088.0
DM,2019,4,4744,1542.0
Groovy,2019,4,4329,2288.0
Elixir,2019,4,4153,1106.0
Vue,2019,4,3636,3539.0
Perl,2019,4,3058,2654.0
Makefile,2019,4,2727,850.0
Clojure,2019,4,2389,1399.0
Lua,2019,4,2288,3012.0
Emacs Lisp,2019,4,2153,2361.0
OCaml,2019,4,2122,1412.0
PowerShell,2019,4,1854,1497.0
Haskell,2019,4,1811,1604.0
Dockerfile,2019,4,1743,1277.0
SCSS,2019,4,1634,224.0
Vim script,2019,4,1581,1187.0
CoffeeScript,2019,4,1550,1089.0
SystemVerilog,2019,4,1359,422.0
Erlang,2019,4,1348,778.0
HCL,2019,4,1281,733.0
R,2019,4,1230,1952.0
Puppet,2019,4,907,
Jsonnet,2019,4,817,718.0
YAML,2019,4,786,235.0
Smarty,2019,4,769,
F#,2019,4,691,596.0
TSQL,2019,4,688,280.0
Julia,2019,4,670,855.0
Lean,2019,4,639,
MATLAB,2019,4,613,479.0
PLpgSQL,2019,4,542,530.0
Fortran,2019,4,527,309.0
ABAP,2019,4,505,228.0
Stylus,2019,4,490,
Jinja,2019,4,482,350.0
BitBake,2019,4,473,171.0
Gherkin,2019,4,472,
JSON,2019,4,460,
Apex,2019,4,428,194.0
CMake,2019,4,416,324.0
mIRC Script,2019,4,406,
TeX,2019,4,391,370.0
FreeMarker,2019,4,342,
Roff,2019,4,341,139.0
Vala,2019,4,329,591.0
Smalltalk,2019,4,310,450.0
WebAssembly,2019,4,310,
Assembly,2019,4,304,144.0
Crystal,2019,4,287,150.0
Visual Basic .NET,2019,4,278,130.0
Elm,2019,4,275,114.0
Common Lisp,2019,4,257,228.0
Coq,2019,4,241,
Haxe,2019,4,227,276.0
Pascal,2019,4,221,376.0
Verilog,2019,4,213,
Nunjucks,2019,4,213,573.0
QML,2019,4,205,153.0
XSLT,2019,4,201,242.0
SWIG,2019,4,197,152.0
Raku,2019,4,194,237.0
Mustache,2019,4,175,
Objective-C++,2019,4,171,
SaltStack,2019,4,166,
GLSL,2019,4,124,148.0
D,2019,4,122,193.0
PLSQL,2019,4,120,172.0
Nim,2019,4,117,198.0
Genshi,2019,4,116,
Markdown,2019,4,110,
Batchfile,2019,4,108,137.0
Python,2020,1,198666,113350.0
JavaScript,2020,1,194914,113844.0
Java,2020,1,130135,79307.0
Go,2020,1,104381,60657.0
TypeScript,2020,1,97107,63649.0
C++,2020,1,81831,57767.0
Ruby,2020,1,77022,17439.0
PHP,2020,1,59297,46647.0
C#,2020,1,42113,38893.0
C,2020,1,33533,28949.0
HTML,2020,1,29170,11894.0
Shell,2020,1,21398,12559.0
Scala,2020,1,20963,4902.0
Nix,2020,1,12677,1898.0
CSS,2020,1,11298,5382.0
Kotlin,2020,1,11267,8540.0
Rust,2020,1,11008,5058.0
Swift,2020,1,10109,7145.0
Jupyter Notebook,2020,1,9633,4341.0
Dart,2020,1,7238,15115.0
Starlark,2020,1,6709,526.0
DM,2020,1,5458,1346.0
Groovy,2020,1,5000,2394.0
Objective-C,2020,1,4982,5685.0
Elixir,2020,1,4302,1649.0
Perl,2020,1,2963,2748.0
Vue,2020,1,2579,2739.0
Makefile,2020,1,2570,1074.0
Lua,2020,1,2424,4000.0
Clojure,2020,1,2258,1480.0
Emacs Lisp,2020,1,2117,2686.0
Haskell,2020,1,1989,1588.0
OCaml,2020,1,1934,1322.0
PowerShell,2020,1,1909,1311.0
SCSS,2020,1,1893,402.0
Vim script,2020,1,1855,1256.0
Dockerfile,2020,1,1792,1536.0
CoffeeScript,2020,1,1707,1132.0
SystemVerilog,2020,1,1586,483.0
HCL,2020,1,1320,539.0
Erlang,2020,1,1293,657.0
Julia,2020,1,1200,667.0
R,2020,1,1066,2017.0
Puppet,2020,1,1025,110.0
YAML,2020,1,940,176.0
Lean,2020,1,827,
Jinja,2020,1,775,440.0
Jsonnet,2020,1,764,627.0
Smarty,2020,1,742,
Fortran,2020,1,642,390.0
MATLAB,2020,1,568,501.0
F#,2020,1,521,516.0
TSQL,2020,1,510,542.0
BitBake,2020,1,502,121.0
PLpgSQL,2020,1,495,483.0
CMake,2020,1,422,308.0
Visual Basic .NET,2020,1,414,146.0
Elm,2020,1,401,125.0
TeX,2020,1,389,415.0
Gherkin,2020,1,347,
mIRC Script,2020,1,321,
Vala,2020,1,320,761.0
Stylus,2020,1,306,
JSON,2020,1,299,
WebAssembly,2020,1,281,
ABAP,2020,1,263,126.0
XSLT,2020,1,234,194.0
Coq,2020,1,234,
FreeMarker,2020,1,232,
Verilog,2020,1,227,
Roff,2020,1,224,139.0
Crystal,2020,1,213,149.0
Assembly,2020,1,199,188.0
QML,2020,1,198,187.0
SaltStack,2020,1,196,
Nim,2020,1,190,208.0
Raku,2020,1,189,264.0
Common Lisp,2020,1,188,184.0
Smalltalk,2020,1,184,673.0
GDScript,2020,1,176,
SWIG,2020,1,174,164.0
PLSQL,2020,1,166,206.0
PureScript,2020,1,165,
Haxe,2020,1,125,256.0
UnrealScript,2020,1,123,102.0
CodeQL,2020,1,120,
q,2020,1,114,
GLSL,2020,1,111,167.0
LLVM,2020,1,108,
Markdown,2020,1,102,
SourcePawn,2020,1,101,193.0
JavaScript,2020,2,217497,130010.0
Python,2020,2,216155,130779.0
Java,2020,2,143342,95035.0
Go,2020,2,111569,68285.0
TypeScript,2020,2,106263,71488.0
C++,2020,2,89203,67079.0
Ruby,2020,2,78918,17843.0
PHP,2020,2,63502,51279.0
C#,2020,2,45316,41858.0
C,2020,2,37046,41914.0
HTML,2020,2,29581,12128.0
Shell,2020,2,25082,14937.0
Scala,2020,2,19581,5204.0
Nix,2020,2,13743,2795.0
Rust,2020,2,12337,5857.0
CSS,2020,2,11523,5398.0
Kotlin,2020,2,11030,11188.0
Swift,2020,2,10213,7915.0
Jupyter Notebook,2020,2,9313,5316.0
Starlark,2020,2,8068,612.0
Dart,2020,2,7255,17099.0
Objective-C,2020,2,5017,6518.0
Groovy,2020,2,4903,3037.0
Elixir,2020,2,4575,2017.0
DM,2020,2,4179,1043.0
Vue,2020,2,3402,3431.0
Perl,2020,2,2996,2907.0
Makefile,2020,2,2794,1054.0
Lua,2020,2,2694,4129.0
Emacs Lisp,2020,2,2606,2941.0
Clojure,2020,2,2420,1516.0
Haskell,2020,2,2053,1889.0
SCSS,2020,2,2028,616.0
PowerShell,2020,2,1968,1453.0
SystemVerilog,2020,2,1897,550.0
OCaml,2020,2,1879,1492.0
Vim script,2020,2,1835,1519.0
Lean,2020,2,1750,
Dockerfile,2020,2,1721,1168.0
HCL,2020,2,1487,560.0
CoffeeScript,2020,2,1379,1315.0
Erlang,2020,2,1298,746.0
R,2020,2,1215,2777.0
CodeQL,2020,2,1003,197.0
Smarty,2020,2,934,
Julia,2020,2,842,678.0
Jinja,2020,2,839,453.0
YAML,2020,2,833,267.0
Jsonnet,2020,2,728,620.0
Fortran,2020,2,655,605.0
PLpgSQL,2020,2,635,418.0
F#,2020,2,627,624.0
MATLAB,2020,2,617,577.0
Puppet,2020,2,616,
Smalltalk,2020,2,543,1110.0
Vala,2020,2,473,867.0
BitBake,2020,2,458,209.0
CMake,2020,2,432,259.0
Verilog,2020,2,427,107.0
Common Lisp,2020,2,421,265.0
JSON,2020,2,418,
Crystal,2020,2,416,207.0
Visual Basic .NET,2020,2,407,165.0
Elm,2020,2,404,213.0
Assembly,2020,2,387,239.0
WebAssembly,2020,2,370,
ABAP,2020,2,360,208.0
TeX,2020,2,335,481.0
TSQL,2020,2,324,314.0
Stylus,2020,2,320,
Gherkin,2020,2,283,
PureScript,2020,2,273,
Pawn,2020,2,262,460.0
mIRC Script,2020,2,256,
Haxe,2020,2,247,383.0
Coq,2020,2,246,
XSLT,2020,2,228,211.0
Roff,2020,2,221,288.0
PLSQL,2020,2,216,135.0
Nim,2020,2,212,245.0
SWIG,2020,2,199,144.0
QML,2020,2,190,193.0
GLSL,2020,2,182,211.0
Batchfile,2020,2,173,120.0
M4,2020,2,167,
Pascal,2020,2,167,400.0
SourcePawn,2020,2,158,276.0
Nunjucks,2020,2,146,682.0
q,2020,2,146,
Raku,2020,2,133,257.0
Mustache,2020,2,133,
SaltStack,2020,2,125,
LLVM,2020,2,124,
Reason,2020,2,121,182.0
Scheme,2020,2,117,272.0
D,2020,2,116,180.0
POV-Ray SDL,2020,2,100,
JavaScript,2020,3,212385,99493.0
Python,2020,3,198027,111855.0
Java,2020,3,135037,81529.0
Go,2020,3,106440,63712.0
TypeScript,2020,3,102279,59676.0
C++,2020,3,79773,56178.0
Ruby,2020,3,69699,15347.0
PHP,2020,3,57435,40211.0
C#,2020,3,41563,35531.0
C,2020,3,30573,27170.0
HTML,2020,3,26978,9556.0
Shell,2020,3,21146,11796.0
Scala,2020,3,16042,4266.0
Nix,2020,3,12453,1940.0
Kotlin,2020,3,11121,8041.0
CSS,2020,3,10631,4083.0
Rust,2020,3,10027,4725.0
Jupyter Notebook,2020,3,8691,4052.0
Swift,2020,3,8682,6257.0
Dart,2020,3,8384,15461.0
Starlark,2020,3,8104,659.0
Groovy,2020,3,5101,2737.0
DM,2020,3,4666,1253.0
Objective-C,2020,3,4639,5158.0
Elixir,2020,3,3987,744.0
Vue,2020,3,3166,2661.0
Makefile,2020,3,2996,1086.0
Clojure,2020,3,2553,1534.0
Perl,2020,3,2473,2179.0
Lua,2020,3,2376,3637.0
SCSS,2020,3,2063,584.0
Lean,2020,3,2052,
SystemVerilog,2020,3,1916,648.0
Vim script,2020,3,1876,1175.0
Haskell,2020,3,1852,1384.0
Emacs Lisp,2020,3,1832,2238.0
OCaml,2020,3,1823,1177.0
PowerShell,2020,3,1722,1152.0
CoffeeScript,2020,3,1553,969.0
Dockerfile,2020,3,1540,996.0
HCL,2020,3,1464,560.0
Erlang,2020,3,1270,728.0
CodeQL,2020,3,1011,190.0
R,2020,3,852,2129.0
Jinja,2020,3,817,400.0
Puppet,2020,3,781,175.0
Julia,2020,3,739,410.0
Jsonnet,2020,3,704,435.0
Fortran,2020,3,648,435.0
YAML,2020,3,635,173.0
Smarty,2020,3,601,
ABAP,2020,3,532,300.0
Common Lisp,2020,3,523,176.0
PLpgSQL,2020,3,497,508.0
MATLAB,2020,3,467,561.0
F#,2020,3,456,314.0
Visual Basic .NET,2020,3,438,182.0
Smalltalk,2020,3,408,857.0
WebAssembly,2020,3,405,
Elm,2020,3,382,115.0
TeX,2020,3,372,387.0
BitBake,2020,3,368,133.0
Roff,2020,3,346,289.0
XSLT,2020,3,316,158.0
Stylus,2020,3,315,
TSQL,2020,3,315,182.0
Assembly,2020,3,304,228.0
CMake,2020,3,294,214.0
Verilog,2020,3,269,254.0
Gherkin,2020,3,255,
Vala,2020,3,237,506.0
mIRC Script,2020,3,213,
Haxe,2020,3,199,250.0
PureScript,2020,3,185,
Coq,2020,3,182,
PLSQL,2020,3,166,145.0
Markdown,2020,3,154,
Nim,2020,3,149,152.0
JSON,2020,3,142,
Raku,2020,3,136,157.0
Crystal,2020,3,134,116.0
Pascal,2020,3,130,376.0
GLSL,2020,3,120,142.0
Batchfile,2020,3,107,
POV-Ray SDL,2020,3,101,
QML,2020,3,100,136.0
Python,2020,4,196957,101529.0
JavaScript,2020,4,192854,94999.0
Java,2020,4,141231,71591.0
Go,2020,4,96644,54036.0
TypeScript,2020,4,94572,59135.0
C++,2020,4,78677,53876.0
Ruby,2020,4,77366,15203.0
PHP,2020,4,62561,41255.0
C#,2020,4,39853,35668.0
C,2020,4,32716,26721.0
HTML,2020,4,27345,9764.0
Shell,2020,4,21753,11826.0
Scala,2020,4,21235,4334.0
Nix,2020,4,15268,2684.0
Kotlin,2020,4,11212,7717.0
Rust,2020,4,9829,4512.0
Dart,2020,4,8551,13641.0
CSS,2020,4,8403,3859.0
Jupyter Notebook,2020,4,7988,3359.0
Swift,2020,4,7729,5523.0
Starlark,2020,4,6011,781.0
Objective-C,2020,4,4417,4829.0
Groovy,2020,4,4353,2125.0
Elixir,2020,4,3855,1302.0
DM,2020,4,3357,1288.0
Makefile,2020,4,2943,962.0
Perl,2020,4,2638,2286.0
Lua,2020,4,2611,3879.0
SCSS,2020,4,2546,636.0
Lean,2020,4,2320,
Vue,2020,4,2284,2580.0
OCaml,2020,4,2212,1214.0
Clojure,2020,4,2168,1001.0
SystemVerilog,2020,4,2079,635.0
PowerShell,2020,4,1848,1107.0
Vim script,2020,4,1844,1044.0
Haskell,2020,4,1793,1482.0
Emacs Lisp,2020,4,1742,2662.0
CoffeeScript,2020,4,1606,1319.0
Erlang,2020,4,1561,749.0
Dockerfile,2020,4,1400,993.0
HCL,2020,4,1380,498.0
CodeQL,2020,4,953,181.0
Smarty,2020,4,891,107.0
R,2020,4,843,1639.0
Julia,2020,4,823,533.0
Roff,2020,4,800,
Jinja,2020,4,755,10757.0
MATLAB,2020,4,742,611.0
Jsonnet,2020,4,585,354.0
F#,2020,4,564,718.0
PLpgSQL,2020,4,555,574.0
Puppet,2020,4,532,
PureScript,2020,4,515,172.0
Fortran,2020,4,497,360.0
WebAssembly,2020,4,495,
BitBake,2020,4,482,
TeX,2020,4,468,373.0
YAML,2020,4,463,119.0
Visual Basic .NET,2020,4,430,177.0
Assembly,2020,4,414,253.0
Elm,2020,4,359,109.0
TSQL,2020,4,325,317.0
Verilog,2020,4,277,194.0
XSLT,2020,4,272,172.0
Common Lisp,2020,4,251,178.0
CMake,2020,4,250,168.0
Gherkin,2020,4,245,101.0
Vala,2020,4,238,624.0
Smalltalk,2020,4,236,790.0
Stylus,2020,4,229,
mIRC Script,2020,4,218,
Crystal,2020,4,207,
Raku,2020,4,204,226.0
Coq,2020,4,191,
Haxe,2020,4,164,140.0
Cuda,2020,4,152,166.0
D,2020,4,152,234.0
Nim,2020,4,146,220.0
Pascal,2020,4,145,391.0
Nunjucks,2020,4,136,794.0
GLSL,2020,4,130,119.0
Xtend,2020,4,128,
PostScript,2020,4,126,
SaltStack,2020,4,123,
Visual Basic,2020,4,119,
Markdown,2020,4,104,
Standard ML,2020,4,103,204.0
SourcePawn,2020,4,103,145.0
q,2020,4,100,
Python,2021,1,193698,99287.0
JavaScript,2021,1,188179,86877.0
Java,2021,1,123189,68137.0
TypeScript,2021,1,92310,54880.0
Go,2021,1,89986,50603.0
Ruby,2021,1,82686,16102.0
C++,2021,1,73674,50471.0
PHP,2021,1,55708,37100.0
C#,2021,1,38167,32956.0
C,2021,1,34126,28092.0
HTML,2021,1,25867,8571.0
Shell,2021,1,23617,11162.0
Scala,2021,1,20387,3850.0
Nix,2021,1,17286,2142.0
Kotlin,2021,1,11204,5633.0
Dart,2021,1,9029,13973.0
CSS,2021,1,8459,3516.0
Rust,2021,1,8446,4182.0
Jupyter Notebook,2021,1,7581,3465.0
Swift,2021,1,6687,4723.0
Starlark,2021,1,5198,738.0
DM,2021,1,4288,1143.0
Groovy,2021,1,3921,1989.0
Objective-C,2021,1,3767,3687.0
Elixir,2021,1,3384,773.0
Makefile,2021,1,2947,783.0
SCSS,2021,1,2886,533.0
Lean,2021,1,2685,
Lua,2021,1,2433,2892.0
Perl,2021,1,2353,2121.0
Vue,2021,1,2287,1918.0
SystemVerilog,2021,1,2267,690.0
Emacs Lisp,2021,1,2086,2207.0
Erlang,2021,1,1801,839.0
Clojure,2021,1,1724,864.0
CoffeeScript,2021,1,1698,856.0
Haskell,2021,1,1621,1349.0
PowerShell,2021,1,1614,1076.0
OCaml,2021,1,1594,924.0
Dockerfile,2021,1,1560,841.0
Vim script,2021,1,1451,872.0
HCL,2021,1,1354,552.0
CodeQL,2021,1,1143,255.0
R,2021,1,901,1616.0
Jinja,2021,1,794,398.0
Julia,2021,1,733,363.0
Jsonnet,2021,1,729,418.0
Roff,2021,1,689,278.0
Visual Basic .NET,2021,1,654,208.0
Smarty,2021,1,625,
Coq,2021,1,621,221.0
PureScript,2021,1,560,
Fortran,2021,1,541,339.0
PLpgSQL,2021,1,461,678.0
MATLAB,2021,1,461,509.0
WebAssembly,2021,1,456,
F#,2021,1,452,570.0
Puppet,2021,1,439,
TeX,2021,1,425,432.0
BitBake,2021,1,417,
Elm,2021,1,414,
Verilog,2021,1,390,183.0
YAML,2021,1,348,131.0
Assembly,2021,1,320,250.0
XSLT,2021,1,291,165.0
Gherkin,2021,1,284,
Common Lisp,2021,1,277,181.0
TSQL,2021,1,273,350.0
Nim,2021,1,272,308.0
Stylus,2021,1,268,
Crystal,2021,1,265,113.0
JSON,2021,1,264,
CMake,2021,1,257,186.0
Smalltalk,2021,1,241,505.0
Vala,2021,1,234,473.0
mIRC Script,2021,1,230,
Pascal,2021,1,224,374.0
Cuda,2021,1,221,
Xtend,2021,1,185,
BlitzBasic,2021,1,153,
D,2021,1,153,129.0
Markdown,2021,1,149,
Batchfile,2021,1,143,
Objective-C++,2021,1,140,
SaltStack,2021,1,133,
Standard ML,2021,1,118,153.0
PostScript,2021,1,116,
Visual Basic,2021,1,115,
Haxe,2021,1,115,149.0
Raku,2021,1,113,115.0
SourcePawn,2021,1,111,172.0
M4,2021,1,109,
SWIG,2021,1,108,103.0
GLSL,2021,1,101,101.0
Python,2021,2,186461,85788.0
JavaScript,2021,2,185583,73535.0
Java,2021,2,132615,63982.0
TypeScript,2021,2,100302,52747.0
Go,2021,2,85207,44847.0
Ruby,2021,2,76858,13470.0
C++,2021,2,69948,44739.0
PHP,2021,2,51626,29955.0
C#,2021,2,35801,26032.0
C,2021,2,30580,23645.0
HTML,2021,2,26180,7067.0
Scala,2021,2,24851,4143.0
Shell,2021,2,24380,9207.0
Nix,2021,2,17318,2066.0
Kotlin,2021,2,10376,5046.0
CSS,2021,2,9336,2613.0
Dart,2021,2,8378,13126.0
Rust,2021,2,7924,3688.0
Jupyter Notebook,2021,2,6522,2940.0
Swift,2021,2,6084,3938.0
Starlark,2021,2,4753,725.0
Groovy,2021,2,3151,1819.0
Elixir,2021,2,3117,667.0
Objective-C,2021,2,3101,3133.0
DM,2021,2,3054,887.0
SCSS,2021,2,2763,462.0
Vue,2021,2,2596,1325.0
SystemVerilog,2021,2,2282,664.0
Makefile,2021,2,2257,689.0
Lean,2021,2,2192,
Lua,2021,2,2106,2591.0
Perl,2021,2,2076,1839.0
Emacs Lisp,2021,2,2018,1627.0
OCaml,2021,2,1972,1237.0
Clojure,2021,2,1652,847.0
Haskell,2021,2,1618,1185.0
Erlang,2021,2,1575,744.0
Dockerfile,2021,2,1503,721.0
CoffeeScript,2021,2,1420,668.0
HCL,2021,2,1276,543.0
R,2021,2,966,1681.0
PowerShell,2021,2,956,845.0
Vim script,2021,2,941,964.0
CodeQL,2021,2,885,195.0
Julia,2021,2,778,442.0
Roff,2021,2,680,
Jsonnet,2021,2,674,331.0
Jinja,2021,2,673,331.0
Verilog,2021,2,651,204.0
Smarty,2021,2,563,
Puppet,2021,2,537,
MATLAB,2021,2,523,571.0
Fortran,2021,2,481,361.0
YAML,2021,2,464,124.0
F#,2021,2,448,329.0
Visual Basic .NET,2021,2,443,211.0
Coq,2021,2,429,108.0
Elm,2021,2,418,
PLpgSQL,2021,2,405,390.0
BitBake,2021,2,343,
Smalltalk,2021,2,337,511.0
XSLT,2021,2,299,157.0
Gherkin,2021,2,287,
WebAssembly,2021,2,283,
Assembly,2021,2,282,238.0
TeX,2021,2,274,344.0
TSQL,2021,2,271,210.0
Nim,2021,2,264,233.0
Stylus,2021,2,251,
mIRC Script,2021,2,238,
Vala,2021,2,236,489.0
Common Lisp,2021,2,207,147.0
GLSL,2021,2,206,
Markdown,2021,2,187,
Crystal,2021,2,164,
M4,2021,2,156,
Cuda,2021,2,156,148.0
Nunjucks,2021,2,150,503.0
Raku,2021,2,149,140.0
Pawn,2021,2,135,
PureScript,2021,2,121,
CMake,2021,2,118,109.0
Objective-C++,2021,2,115,
QML,2021,2,113,115.0
Python,2021,3,165981,80105.0
JavaScript,2021,3,154656,64938.0
Java,2021,3,122349,55137.0
TypeScript,2021,3,95523,47629.0
Go,2021,3,83631,45439.0
C++,2021,3,62522,41182.0
Ruby,2021,3,62260,10343.0
PHP,2021,3,47088,28113.0
C#,2021,3,32354,23952.0
C,2021,3,26528,21624.0
HTML,2021,3,23541,6683.0
Shell,2021,3,20291,8626.0
Nix,2021,3,19438,1965.0
Scala,2021,3,16275,2864.0
Kotlin,2021,3,9648,4935.0
CSS,2021,3,8242,2611.0
Dart,2021,3,7057,11041.0
Rust,2021,3,6677,3063.0
Swift,2021,3,6611,3626.0
Jupyter Notebook,2021,3,6479,2433.0
Starlark,2021,3,4376,514.0
DM,2021,3,3258,1001.0
Groovy,2021,3,3150,1775.0
Elixir,2021,3,2948,654.0
Objective-C,2021,3,2907,3084.0
SCSS,2021,3,2801,484.0
Lean,2021,3,2434,
Perl,2021,3,2409,1649.0
Vue,2021,3,2281,1098.0
Makefile,2021,3,2211,567.0
OCaml,2021,3,1961,1214.0
SystemVerilog,2021,3,1884,642.0
Clojure,2021,3,1725,713.0
Erlang,2021,3,1569,593.0
Dockerfile,2021,3,1563,781.0
Lua,2021,3,1439,2262.0
Haskell,2021,3,1417,1022.0
Emacs Lisp,2021,3,1355,1689.0
CoffeeScript,2021,3,1280,611.0
HCL,2021,3,1001,375.0
Verilog,2021,3,899,199.0
Vim script,2021,3,872,878.0
CodeQL,2021,3,868,227.0
Jsonnet,2021,3,786,214.0
R,2021,3,767,1419.0
PowerShell,2021,3,720,601.0
Julia,2021,3,653,315.0
Smarty,2021,3,579,
Jinja,2021,3,574,264.0
Roff,2021,3,537,
F#,2021,3,528,496.0
Elm,2021,3,454,
Fortran,2021,3,453,243.0
MATLAB,2021,3,448,346.0
PLpgSQL,2021,3,446,452.0
BitBake,2021,3,445,
Visual Basic .NET,2021,3,410,228.0
Vala,2021,3,384,554.0
YAML,2021,3,378,152.0
WebAssembly,2021,3,369,
Puppet,2021,3,359,
Coq,2021,3,293,
Assembly,2021,3,270,255.0
Stylus,2021,3,267,
Smalltalk,2021,3,266,604.0
TeX,2021,3,257,318.0
XSLT,2021,3,252,101.0
Gherkin,2021,3,249,
mIRC Script,2021,3,211,
Nim,2021,3,190,147.0
TSQL,2021,3,179,209.0
Cuda,2021,3,177,124.0
PureScript,2021,3,171,
JSON,2021,3,166,
Crystal,2021,3,163,
CMake,2021,3,157,118.0
Common Lisp,2021,3,147,127.0
Markdown,2021,3,145,
Objective-C++,2021,3,139,
Batchfile,2021,3,115,
POV-Ray SDL,2021,3,114,
QML,2021,3,111,129.0
Svelte,2021,3,110,
M4,2021,3,107,
Python,2021,4,130149,62837.0
JavaScript,2021,4,102612,50087.0
Java,2021,4,88684,41447.0
TypeScript,2021,4,61047,35268.0
Go,2021,4,59184,32074.0
C++,2021,4,48447,32061.0
Ruby,2021,4,44832,8319.0
PHP,2021,4,38201,22317.0
C#,2021,4,24426,19238.0
C,2021,4,22792,16907.0
Nix,2021,4,17594,1907.0
HTML,2021,4,17216,5050.0
Shell,2021,4,15836,8041.0
Scala,2021,4,14883,2208.0
Kotlin,2021,4,7437,3586.0
Starlark,2021,4,5400,453.0
Dart,2021,4,5042,7782.0
Rust,2021,4,4968,2653.0
Jupyter Notebook,2021,4,4922,1951.0
Swift,2021,4,4709,2766.0
CSS,2021,4,3991,1775.0
Groovy,2021,4,2572,1397.0
Lean,2021,4,2349,
Elixir,2021,4,2262,631.0
DM,2021,4,2180,1404.0
SCSS,2021,4,2082,423.0
Objective-C,2021,4,1754,2328.0
OCaml,2021,4,1745,844.0
Makefile,2021,4,1736,505.0
SystemVerilog,2021,4,1688,534.0
Perl,2021,4,1676,1283.0
Lua,2021,4,1442,1471.0
Erlang,2021,4,1354,517.0
Haskell,2021,4,1353,1043.0
Dockerfile,2021,4,1039,700.0
Clojure,2021,4,1005,587.0
Emacs Lisp,2021,4,997,1326.0
Vue,2021,4,942,689.0
HCL,2021,4,902,307.0
PowerShell,2021,4,827,421.0
CodeQL,2021,4,790,168.0
Jsonnet,2021,4,714,
Jinja,2021,4,670,299.0
Verilog,2021,4,645,180.0
CoffeeScript,2021,4,591,378.0
R,2021,4,567,1017.0
Smarty,2021,4,515,
Roff,2021,4,444,159.0
Julia,2021,4,428,257.0
Vim script,2021,4,401,512.0
F#,2021,4,367,303.0
MATLAB,2021,4,338,308.0
Puppet,2021,4,332,
Elm,2021,4,323,
BitBake,2021,4,306,
PLpgSQL,2021,4,304,354.0
Fortran,2021,4,289,208.0
Vala,2021,4,280,367.0
TeX,2021,4,279,338.0
YAML,2021,4,260,
Visual Basic .NET,2021,4,246,228.0
WebAssembly,2021,4,238,
Stylus,2021,4,219,
Assembly,2021,4,210,180.0
Coq,2021,4,168,
Batchfile,2021,4,158,
Svelte,2021,4,156,
XSLT,2021,4,151,
Game Maker Language,2021,4,148,
Cuda,2021,4,131,
CMake,2021,4,126,
JSON,2021,4,125,
Nunjucks,2021,4,114,468.0
SWIG,2021,4,113,
Raku,2021,4,113,
Pascal,2021,4,105,507.0
Nim,2021,4,102,153.0
QML,2021,4,102,118.0
Gherkin,2021,4,100,
JavaScript,2022,1,1296,220.0
Python,2022,1,788,411.0
Java,2022,1,608,302.0
TypeScript,2022,1,544,169.0
Ruby,2022,1,483,
PHP,2022,1,445,173.0
C++,2022,1,349,283.0
Nix,2022,1,279,
Go,2022,1,206,204.0
C#,2022,1,187,148.0
C,2022,1,152,151.0
HTML,2022,1,134,
Scala,2022,1,110,
Shell,2022,1,103,
